INFO 2026-07-28 20:07:57,957 django.utils.autoreload Watching for file changes with StatReloader
INFO 2026-07-28 20:09:13,719 django.utils.autoreload D:\college_placement_system\placement_project\jobs\views.py changed, reloading.
INFO 2026-07-28 20:09:14,788 django.utils.autoreload Watching for file changes with StatReloader
INFO 2026-07-28 20:11:00,759 django.utils.autoreload D:\college_placement_system\placement_project\jobs\views.py changed, reloading.
INFO 2026-07-28 20:11:01,527 django.utils.autoreload Watching for file changes with StatReloader
INFO 2026-07-28 20:11:42,576 django.utils.autoreload Watching for file changes with StatReloader
WARNING 2026-07-28 20:11:54,545 django.request Not Found: /
WARNING 2026-07-28 20:22:08,155 django.request Unauthorized: /jobs/create/
WARNING 2026-07-28 20:28:53,091 django.request Unauthorized: /accounts/login/
WARNING 2026-07-28 20:31:11,940 django.request Unauthorized: /accounts/login/
INFO 2026-07-28 20:35:18,320 django.utils.autoreload D:\college_placement_system\placement_project\accounts\views.py changed, reloading.
INFO 2026-07-28 20:35:19,154 django.utils.autoreload Watching for file changes with StatReloader
INFO 2026-07-28 20:38:07,396 django.utils.autoreload D:\college_placement_system\placement_project\accounts\views.py changed, reloading.
INFO 2026-07-28 20:38:08,325 django.utils.autoreload Watching for file changes with StatReloader
INFO 2026-07-28 20:38:54,697 django.utils.autoreload D:\college_placement_system\placement_project\accounts\views.py changed, reloading.
INFO 2026-07-28 20:38:55,559 django.utils.autoreload Watching for file changes with StatReloader
WARNING 2026-07-28 20:40:00,674 django.request Not Found: /
WARNING 2026-07-28 20:40:45,586 django.request Bad Request: /accounts/login/
INFO 2026-07-28 20:45:29,877 django.utils.autoreload D:\college_placement_system\placement_project\accounts\views.py changed, reloading.
INFO 2026-07-28 20:45:30,846 django.utils.autoreload Watching for file changes with StatReloader
WARNING 2026-07-28 20:45:46,521 django.request Not Found: /
INFO 2026-07-28 20:53:07,326 django.utils.autoreload Watching for file changes with StatReloader
WARNING 2026-07-28 20:53:12,179 django.request Not Found: /
WARNING 2026-07-28 20:59:35,343 django.request Unauthorized: /jobs/create/
WARNING 2026-07-28 21:13:58,941 django.request Unauthorized: /jobs/create/
WARNING 2026-07-28 21:16:11,285 django.request Unauthorized: /jobs/create/
INFO 2026-07-28 21:20:24,849 django.utils.autoreload Watching for file changes with StatReloader
WARNING 2026-07-28 21:20:28,468 django.request Not Found: /
WARNING 2026-07-28 21:21:03,613 django.request Bad Request: /accounts/login/
INFO 2026-07-28 21:23:12,308 django.utils.autoreload D:\college_placement_system\placement_project\placement_project\settings.py changed, reloading.
INFO 2026-07-28 21:23:12,981 django.utils.autoreload Watching for file changes with StatReloader
WARNING 2026-07-28 21:23:18,657 django.request Not Found: /
WARNING 2026-07-28 21:26:41,764 django.request Unauthorized: /jobs/create/
WARNING 2026-07-28 21:36:00,949 django.request Unauthorized: /jobs/
INFO 2026-07-28 21:45:03,804 django.utils.autoreload Watching for file changes with StatReloader
WARNING 2026-07-28 21:45:06,866 django.request Not Found: /
INFO 2026-07-28 21:50:33,065 django.utils.autoreload Watching for file changes with StatReloader
WARNING 2026-07-28 21:50:37,058 django.request Not Found: /
WARNING 2026-07-28 21:54:11,973 django.request Not Found: /jobs/
INFO 2026-07-28 21:57:13,044 django.utils.autoreload D:\college_placement_system\placement_project\jobs\views.py changed, reloading.
INFO 2026-07-28 21:57:14,276 django.utils.autoreload Watching for file changes with StatReloader
INFO 2026-07-29 11:31:51,301 django.utils.autoreload D:\college_placement_system\placement_project\notifications\models.py changed, reloading.
INFO 2026-07-29 11:32:08,605 django.utils.autoreload Watching for file changes with StatReloader
INFO 2026-07-29 11:58:43,679 django.utils.autoreload Watching for file changes with StatReloader
WARNING 2026-07-29 11:58:46,600 django.request Not Found: /
WARNING 2026-07-29 12:00:14,243 django.request Unauthorized: /notifications/create/
INFO 2026-07-29 12:03:05,797 django.utils.autoreload D:\college_placement_system\placement_project\notifications\views.py changed, reloading.
INFO 2026-07-29 12:03:06,301 django.utils.autoreload Watching for file changes with StatReloader
INFO 2026-07-29 12:03:29,316 django.utils.autoreload D:\college_placement_system\placement_project\notifications\views.py changed, reloading.
INFO 2026-07-29 12:03:29,870 django.utils.autoreload Watching for file changes with StatReloader
INFO 2026-07-29 12:11:00,031 django.utils.autoreload D:\college_placement_system\placement_project\notifications\urls.py changed, reloading.
INFO 2026-07-29 12:11:00,583 django.utils.autoreload Watching for file changes with StatReloader
INFO 2026-07-29 12:12:11,804 django.utils.autoreload D:\college_placement_system\placement_project\notifications\views.py changed, reloading.
INFO 2026-07-29 12:12:12,443 django.utils.autoreload Watching for file changes with StatReloader
INFO 2026-07-29 12:14:05,566 django.utils.autoreload D:\college_placement_system\placement_project\notifications\urls.py changed, reloading.
INFO 2026-07-29 12:14:06,035 django.utils.autoreload Watching for file changes with StatReloader
INFO 2026-07-29 12:15:30,017 django.utils.autoreload D:\college_placement_system\placement_project\notifications\views.py changed, reloading.
INFO 2026-07-29 12:15:30,574 django.utils.autoreload Watching for file changes with StatReloader
INFO 2026-07-29 12:16:23,349 django.utils.autoreload D:\college_placement_system\placement_project\notifications\urls.py changed, reloading.
INFO 2026-07-29 12:16:23,915 django.utils.autoreload Watching for file changes with StatReloader
INFO 2026-07-29 12:37:22,361 django.utils.autoreload D:\college_placement_system\placement_project\applications\views.py changed, reloading.
INFO 2026-07-29 12:37:22,850 django.utils.autoreload Watching for file changes with StatReloader
INFO 2026-07-29 12:50:00,481 django.utils.autoreload D:\college_placement_system\placement_project\reports\urls.py changed, reloading.
INFO 2026-07-29 12:50:00,981 django.utils.autoreload Watching for file changes with StatReloader
INFO 2026-07-29 12:53:26,475 django.utils.autoreload D:\college_placement_system\placement_project\reports\views.py changed, reloading.
INFO 2026-07-29 12:53:27,068 django.utils.autoreload Watching for file changes with StatReloader
INFO 2026-07-29 12:54:36,108 django.utils.autoreload D:\college_placement_system\placement_project\reports\views.py changed, reloading.
INFO 2026-07-29 12:54:36,579 django.utils.autoreload Watching for file changes with StatReloader
INFO 2026-07-29 12:55:39,707 django.utils.autoreload D:\college_placement_system\placement_project\reports\urls.py changed, reloading.
INFO 2026-07-29 12:55:40,407 django.utils.autoreload Watching for file changes with StatReloader
INFO 2026-07-29 13:00:52,344 django.utils.autoreload D:\college_placement_system\placement_project\reports\views.py changed, reloading.
INFO 2026-07-29 13:00:52,993 django.utils.autoreload Watching for file changes with StatReloader
INFO 2026-07-29 13:01:31,380 django.utils.autoreload D:\college_placement_system\placement_project\reports\views.py changed, reloading.
INFO 2026-07-29 13:01:31,824 django.utils.autoreload Watching for file changes with StatReloader
INFO 2026-07-29 13:02:27,578 django.utils.autoreload D:\college_placement_system\placement_project\reports\views.py changed, reloading.
INFO 2026-07-29 13:02:28,408 django.utils.autoreload Watching for file changes with StatReloader
INFO 2026-07-29 13:02:53,449 django.utils.autoreload D:\college_placement_system\placement_project\reports\urls.py changed, reloading.
INFO 2026-07-29 13:02:53,972 django.utils.autoreload Watching for file changes with StatReloader
INFO 2026-07-29 13:03:12,722 django.utils.autoreload D:\college_placement_system\placement_project\reports\urls.py changed, reloading.
INFO 2026-07-29 13:03:13,189 django.utils.autoreload Watching for file changes with StatReloader
INFO 2026-07-29 13:55:31,340 django.utils.autoreload D:\college_placement_system\placement_project\notifications\apps.py changed, reloading.
INFO 2026-07-29 13:55:32,021 django.utils.autoreload Watching for file changes with StatReloader
INFO 2026-07-29 14:18:57,838 django.utils.autoreload D:\college_placement_system\placement_project\placement_project\settings.py changed, reloading.
INFO 2026-07-29 14:18:58,392 django.utils.autoreload Watching for file changes with StatReloader
WARNING 2026-07-30 12:02:03,403 django.request Not Found: /
INFO 2026-07-30 12:25:39,855 django.utils.autoreload D:\college_placement_system\placement_project\placement_project\urls.py changed, reloading.
INFO 2026-07-30 12:25:59,022 django.utils.autoreload Watching for file changes with StatReloader
INFO 2026-07-30 12:26:09,673 django.utils.autoreload D:\college_placement_system\placement_project\placement_project\urls.py changed, reloading.
INFO 2026-07-30 12:26:10,496 django.utils.autoreload Watching for file changes with StatReloader
INFO 2026-07-30 13:07:54,964 django.utils.autoreload D:\college_placement_system\placement_project\accounts\views.py changed, reloading.
INFO 2026-07-30 13:07:55,716 django.utils.autoreload Watching for file changes with StatReloader
INFO 2026-07-30 13:08:31,249 django.utils.autoreload D:\college_placement_system\placement_project\accounts\urls.py changed, reloading.
INFO 2026-07-30 13:08:32,017 django.utils.autoreload Watching for file changes with StatReloader
INFO 2026-07-30 13:09:30,547 django.utils.autoreload D:\college_placement_system\placement_project\accounts\urls.py changed, reloading.
INFO 2026-07-30 13:09:31,221 django.utils.autoreload Watching for file changes with StatReloader
INFO 2026-07-30 13:13:54,674 django.utils.autoreload D:\college_placement_system\placement_project\accounts\views.py changed, reloading.
INFO 2026-07-30 13:13:55,468 django.utils.autoreload Watching for file changes with StatReloader
INFO 2026-07-30 13:16:10,296 django.utils.autoreload D:\college_placement_system\placement_project\accounts\urls.py changed, reloading.
INFO 2026-07-30 13:16:11,353 django.utils.autoreload Watching for file changes with StatReloader
INFO 2026-07-30 13:20:31,157 django.utils.autoreload D:\college_placement_system\placement_project\accounts\views.py changed, reloading.
INFO 2026-07-30 13:20:32,010 django.utils.autoreload Watching for file changes with StatReloader
INFO 2026-07-30 13:21:34,015 django.utils.autoreload D:\college_placement_system\placement_project\accounts\urls.py changed, reloading.
INFO 2026-07-30 13:21:34,735 django.utils.autoreload Watching for file changes with StatReloader
ERROR 2026-07-30 13:22:56,291 django.request Internal Server Error: /accounts/register/
Traceback (most recent call last):
  File "D:\college_placement_system\venv\Lib\site-packages\django\core\handlers\exception.py", line 55, in inner
    response = get_response(request)
  File "D:\college_placement_system\venv\Lib\site-packages\django\core\handlers\base.py", line 198, in _get_response
    response = wrapped_callback(request, *callback_args, **callback_kwargs)
  File "D:\college_placement_system\placement_project\accounts\views.py", line 32, in register
    return render(request, "accounts/register.html")
  File "D:\college_placement_system\venv\Lib\site-packages\django\shortcuts.py", line 25, in render
    content = loader.render_to_string(template_name, context, request, using=using)
  File "D:\college_placement_system\venv\Lib\site-packages\django\template\loader.py", line 62, in render_to_string
    return template.render(context, request)
           ~~~~~~~~~~~~~~~^^^^^^^^^^^^^^^^^^
  File "D:\college_placement_system\venv\Lib\site-packages\django\template\backends\django.py", line 107, in render
    return self.template.render(context)
           ~~~~~~~~~~~~~~~~~~~~^^^^^^^^^
  File "D:\college_placement_system\venv\Lib\site-packages\django\template\base.py", line 174, in render
    return self._render(context)
           ~~~~~~~~~~~~^^^^^^^^^
  File "D:\college_placement_system\venv\Lib\site-packages\django\template\base.py", line 166, in _render
    return self.nodelist.render(context)
           ~~~~~~~~~~~~~~~~~~~~^^^^^^^^^
  File "D:\college_placement_system\venv\Lib\site-packages\django\template\base.py", line 1091, in render
    return SafeString("".join([node.render_annotated(context) for node in self]))
                               ~~~~~~~~~~~~~~~~~~~~~^^^^^^^^^
  File "D:\college_placement_system\venv\Lib\site-packages\django\template\base.py", line 1052, in render_annotated
    return self.render(context)
           ~~~~~~~~~~~^^^^^^^^^
  File "D:\college_placement_system\venv\Lib\site-packages\django\template\loader_tags.py", line 160, in render
    return compiled_parent._render(context)
           ~~~~~~~~~~~~~~~~~~~~~~~^^^^^^^^^
  File "D:\college_placement_system\venv\Lib\site-packages\django\template\base.py", line 166, in _render
    return self.nodelist.render(context)
           ~~~~~~~~~~~~~~~~~~~~^^^^^^^^^
  File "D:\college_placement_system\venv\Lib\site-packages\django\template\base.py", line 1091, in render
    return SafeString("".join([node.render_annotated(context) for node in self]))
                               ~~~~~~~~~~~~~~~~~~~~~^^^^^^^^^
  File "D:\college_placement_system\venv\Lib\site-packages\django\template\base.py", line 1052, in render_annotated
    return self.render(context)
           ~~~~~~~~~~~^^^^^^^^^
  File "D:\college_placement_system\venv\Lib\site-packages\django\template\loader_tags.py", line 66, in render
    result = block.nodelist.render(context)
  File "D:\college_placement_system\venv\Lib\site-packages\django\template\base.py", line 1091, in render
    return SafeString("".join([node.render_annotated(context) for node in self]))
                               ~~~~~~~~~~~~~~~~~~~~~^^^^^^^^^
  File "D:\college_placement_system\venv\Lib\site-packages\django\template\base.py", line 1052, in render_annotated
    return self.render(context)
           ~~~~~~~~~~~^^^^^^^^^
  File "D:\college_placement_system\venv\Lib\site-packages\django\template\defaulttags.py", line 511, in render
    url = reverse(view_name, args=args, kwargs=kwargs, current_app=current_app)
  File "D:\college_placement_system\venv\Lib\site-packages\django\urls\base.py", line 98, in reverse
    resolved_url = resolver._reverse_with_prefix(view, prefix, *args, **kwargs)
  File "D:\college_placement_system\venv\Lib\site-packages\django\urls\resolvers.py", line 842, in _reverse_with_prefix
    raise NoReverseMatch(msg)
django.urls.exceptions.NoReverseMatch: Reverse for 'company-register' not found. 'company-register' is not a valid view function or pattern name.
INFO 2026-07-30 13:25:42,737 django.utils.autoreload D:\college_placement_system\placement_project\accounts\views.py changed, reloading.
INFO 2026-07-30 13:25:43,394 django.utils.autoreload Watching for file changes with StatReloader
INFO 2026-07-30 13:28:36,208 django.utils.autoreload D:\college_placement_system\placement_project\accounts\urls.py changed, reloading.
INFO 2026-07-30 13:28:37,264 django.utils.autoreload Watching for file changes with StatReloader
INFO 2026-07-30 13:28:59,696 django.utils.autoreload D:\college_placement_system\placement_project\accounts\urls.py changed, reloading.
INFO 2026-07-30 13:29:00,894 django.utils.autoreload Watching for file changes with StatReloader
INFO 2026-07-30 13:46:49,025 django.utils.autoreload D:\college_placement_system\placement_project\accounts\views.py changed, reloading.
INFO 2026-07-30 13:46:49,923 django.utils.autoreload Watching for file changes with StatReloader
INFO 2026-07-30 13:47:32,312 django.utils.autoreload D:\college_placement_system\placement_project\accounts\views.py changed, reloading.
INFO 2026-07-30 13:47:33,430 django.utils.autoreload Watching for file changes with StatReloader
INFO 2026-07-30 13:51:10,201 django.utils.autoreload Watching for file changes with StatReloader
INFO 2026-07-30 13:56:00,723 django.utils.autoreload D:\college_placement_system\placement_project\accounts\views.py changed, reloading.
INFO 2026-07-30 13:56:02,209 django.utils.autoreload Watching for file changes with StatReloader
INFO 2026-07-30 13:59:01,518 django.utils.autoreload D:\college_placement_system\placement_project\accounts\views.py changed, reloading.
INFO 2026-07-30 13:59:02,357 django.utils.autoreload Watching for file changes with StatReloader
INFO 2026-07-30 13:59:14,361 django.utils.autoreload D:\college_placement_system\placement_project\accounts\views.py changed, reloading.
INFO 2026-07-30 13:59:15,275 django.utils.autoreload Watching for file changes with StatReloader
INFO 2026-07-30 14:04:06,581 django.utils.autoreload D:\college_placement_system\placement_project\accounts\views.py changed, reloading.
INFO 2026-07-30 14:04:07,666 django.utils.autoreload Watching for file changes with StatReloader
INFO 2026-07-30 14:08:53,855 django.utils.autoreload D:\college_placement_system\placement_project\accounts\views.py changed, reloading.
INFO 2026-07-30 14:08:55,553 django.utils.autoreload Watching for file changes with StatReloader
INFO 2026-07-30 14:10:16,761 django.utils.autoreload D:\college_placement_system\placement_project\accounts\views.py changed, reloading.
INFO 2026-07-30 14:10:17,744 django.utils.autoreload Watching for file changes with StatReloader
INFO 2026-07-30 14:10:32,074 django.utils.autoreload D:\college_placement_system\placement_project\accounts\views.py changed, reloading.
INFO 2026-07-30 14:10:33,193 django.utils.autoreload Watching for file changes with StatReloader
INFO 2026-07-30 14:12:36,814 django.utils.autoreload D:\college_placement_system\placement_project\accounts\views.py changed, reloading.
INFO 2026-07-30 14:12:37,764 django.utils.autoreload Watching for file changes with StatReloader
INFO 2026-07-30 14:12:57,897 django.utils.autoreload D:\college_placement_system\placement_project\accounts\views.py changed, reloading.
INFO 2026-07-30 14:12:59,228 django.utils.autoreload Watching for file changes with StatReloader
INFO 2026-07-30 14:18:46,408 django.utils.autoreload D:\college_placement_system\placement_project\accounts\services.py changed, reloading.
INFO 2026-07-30 14:18:47,528 django.utils.autoreload Watching for file changes with StatReloader
INFO 2026-07-30 14:21:04,585 django.utils.autoreload D:\college_placement_system\placement_project\accounts\views.py changed, reloading.
INFO 2026-07-30 14:21:05,624 django.utils.autoreload Watching for file changes with StatReloader
INFO 2026-07-30 14:21:19,227 django.utils.autoreload D:\college_placement_system\placement_project\accounts\views.py changed, reloading.
INFO 2026-07-30 14:21:20,198 django.utils.autoreload Watching for file changes with StatReloader
INFO 2026-07-30 14:21:37,617 django.utils.autoreload D:\college_placement_system\placement_project\accounts\views.py changed, reloading.
INFO 2026-07-30 14:21:38,972 django.utils.autoreload Watching for file changes with StatReloader
INFO 2026-07-30 14:23:00,421 django.utils.autoreload D:\college_placement_system\placement_project\accounts\views.py changed, reloading.
INFO 2026-07-30 14:23:01,500 django.utils.autoreload Watching for file changes with StatReloader
INFO 2026-07-30 14:31:14,785 django.utils.autoreload D:\college_placement_system\placement_project\students\urls.py changed, reloading.
INFO 2026-07-30 14:31:15,871 django.utils.autoreload Watching for file changes with StatReloader
INFO 2026-07-30 14:32:06,084 django.utils.autoreload D:\college_placement_system\placement_project\students\views.py changed, reloading.
INFO 2026-07-30 14:32:06,947 django.utils.autoreload Watching for file changes with StatReloader
INFO 2026-07-30 14:32:47,784 django.utils.autoreload D:\college_placement_system\placement_project\students\views.py changed, reloading.
INFO 2026-07-30 14:32:48,722 django.utils.autoreload Watching for file changes with StatReloader
INFO 2026-07-30 14:35:23,427 django.utils.autoreload D:\college_placement_system\placement_project\companies\urls.py changed, reloading.
INFO 2026-07-30 14:35:24,454 django.utils.autoreload Watching for file changes with StatReloader
INFO 2026-07-30 14:38:31,225 django.utils.autoreload D:\college_placement_system\placement_project\companies\urls.py changed, reloading.
INFO 2026-07-30 14:38:42,050 django.utils.autoreload Watching for file changes with StatReloader
INFO 2026-07-30 14:39:36,206 django.utils.autoreload D:\college_placement_system\placement_project\companies\views.py changed, reloading.
INFO 2026-07-30 14:39:36,813 django.utils.autoreload Watching for file changes with StatReloader
INFO 2026-07-30 14:42:46,563 django.utils.autoreload D:\college_placement_system\placement_project\placement_officer\urls.py changed, reloading.
INFO 2026-07-30 14:42:47,162 django.utils.autoreload Watching for file changes with StatReloader
INFO 2026-07-30 14:44:05,773 django.utils.autoreload D:\college_placement_system\placement_project\placement_officer\urls.py changed, reloading.
INFO 2026-07-30 14:44:06,450 django.utils.autoreload Watching for file changes with StatReloader
INFO 2026-07-30 14:44:32,560 django.utils.autoreload D:\college_placement_system\placement_project\placement_officer\views.py changed, reloading.
INFO 2026-07-30 14:44:33,170 django.utils.autoreload Watching for file changes with StatReloader
INFO 2026-07-30 14:45:10,455 django.utils.autoreload D:\college_placement_system\placement_project\placement_officer\views.py changed, reloading.
INFO 2026-07-30 14:45:11,141 django.utils.autoreload Watching for file changes with StatReloader
INFO 2026-07-30 14:50:41,988 django.utils.autoreload D:\college_placement_system\placement_project\accounts\views.py changed, reloading.
INFO 2026-07-30 14:50:42,557 django.utils.autoreload Watching for file changes with StatReloader
INFO 2026-07-30 14:51:02,505 django.utils.autoreload D:\college_placement_system\placement_project\accounts\views.py changed, reloading.
INFO 2026-07-30 14:51:03,144 django.utils.autoreload Watching for file changes with StatReloader
INFO 2026-07-30 14:51:21,005 django.utils.autoreload D:\college_placement_system\placement_project\accounts\views.py changed, reloading.
INFO 2026-07-30 14:51:21,523 django.utils.autoreload Watching for file changes with StatReloader
INFO 2026-07-30 14:52:44,141 django.utils.autoreload D:\college_placement_system\placement_project\students\views.py changed, reloading.
INFO 2026-07-30 14:52:44,709 django.utils.autoreload Watching for file changes with StatReloader
INFO 2026-07-30 14:53:19,979 django.utils.autoreload D:\college_placement_system\placement_project\companies\views.py changed, reloading.
INFO 2026-07-30 14:53:20,640 django.utils.autoreload Watching for file changes with StatReloader
INFO 2026-07-30 14:54:19,661 django.utils.autoreload D:\college_placement_system\placement_project\placement_officer\views.py changed, reloading.
INFO 2026-07-30 14:54:20,142 django.utils.autoreload Watching for file changes with StatReloader
INFO 2026-07-30 17:06:13,657 django.utils.autoreload D:\college_placement_system\placement_project\accounts\views.py changed, reloading.
INFO 2026-07-30 17:06:14,277 django.utils.autoreload Watching for file changes with StatReloader
INFO 2026-07-30 17:07:18,171 django.utils.autoreload D:\college_placement_system\placement_project\accounts\views.py changed, reloading.
INFO 2026-07-30 17:07:18,896 django.utils.autoreload Watching for file changes with StatReloader
INFO 2026-07-30 17:08:13,452 django.utils.autoreload D:\college_placement_system\placement_project\accounts\urls.py changed, reloading.
INFO 2026-07-30 17:08:14,382 django.utils.autoreload Watching for file changes with StatReloader
INFO 2026-07-30 19:36:20,242 django.utils.autoreload Watching for file changes with StatReloader
WARNING 2026-07-30 19:36:28,382 django.request Not Found: /favicon.ico
ERROR 2026-07-30 19:37:10,319 django.request Internal Server Error: /students/complete-profile/
Traceback (most recent call last):
  File "D:\college_placement_system\venv\Lib\site-packages\django\core\handlers\exception.py", line 55, in inner
    response = get_response(request)
  File "D:\college_placement_system\venv\Lib\site-packages\django\core\handlers\base.py", line 198, in _get_response
    response = wrapped_callback(request, *callback_args, **callback_kwargs)
  File "D:\college_placement_system\venv\Lib\site-packages\django\contrib\auth\decorators.py", line 59, in _view_wrapper
    return view_func(request, *args, **kwargs)
  File "D:\college_placement_system\placement_project\students\views.py", line 36, in complete_student_profile
    return render(
        request,
        "students/complete_profile.html"
    )
  File "D:\college_placement_system\venv\Lib\site-packages\django\shortcuts.py", line 25, in render
    content = loader.render_to_string(template_name, context, request, using=using)
  File "D:\college_placement_system\venv\Lib\site-packages\django\template\loader.py", line 61, in render_to_string
    template = get_template(template_name, using=using)
  File "D:\college_placement_system\venv\Lib\site-packages\django\template\loader.py", line 19, in get_template
    raise TemplateDoesNotExist(template_name, chain=chain)
django.template.exceptions.TemplateDoesNotExist: students/complete_profile.html
INFO 2026-07-30 19:49:29,257 django.utils.autoreload Watching for file changes with StatReloader
INFO 2026-08-06 12:10:31,209 django.utils.autoreload Watching for file changes with StatReloader
WARNING 2026-08-06 12:10:45,145 django.request Not Found: /favicon.ico
WARNING 2026-08-06 12:11:05,827 django.request Not Found: /api/
WARNING 2026-08-06 12:11:21,066 django.request Unauthorized: /jobs/
WARNING 2026-08-06 12:11:22,238 django.request Unauthorized: /jobs/
INFO 2026-08-06 12:32:28,219 django.utils.autoreload Watching for file changes with StatReloader
WARNING 2026-08-06 12:32:51,939 django.request Method Not Allowed: /accounts/api/login/
WARNING 2026-08-06 12:33:24,311 django.request Method Not Allowed: /accounts/api/register/
INFO 2026-08-06 12:49:12,549 django.utils.autoreload Watching for file changes with StatReloader
ERROR 2026-08-06 12:51:24,569 django.request Internal Server Error: /accounts/api/register/
Traceback (most recent call last):
  File "D:\college_placement_system\venv\Lib\site-packages\django\db\backends\utils.py", line 105, in _execute
    return self.cursor.execute(sql, params)
           ~~~~~~~~~~~~~~~~~~~^^^^^^^^^^^^^
  File "D:\college_placement_system\venv\Lib\site-packages\django\db\backends\mysql\base.py", line 78, in execute
    return self.cursor.execute(query, args)
           ~~~~~~~~~~~~~~~~~~~^^^^^^^^^^^^^
  File "D:\college_placement_system\venv\Lib\site-packages\pymysql\cursors.py", line 159, in execute
    result = self._query(query)
  File "D:\college_placement_system\venv\Lib\site-packages\pymysql\cursors.py", line 330, in _query
    conn.query(q)
    ~~~~~~~~~~^^^
  File "D:\college_placement_system\venv\Lib\site-packages\pymysql\connections.py", line 582, in query
    self._affected_rows = self._read_query_result(unbuffered=unbuffered)
                          ~~~~~~~~~~~~~~~~~~~~~~~^^^^^^^^^^^^^^^^^^^^^^^
  File "D:\college_placement_system\venv\Lib\site-packages\pymysql\connections.py", line 847, in _read_query_result
    result.read()
    ~~~~~~~~~~~^^
  File "D:\college_placement_system\venv\Lib\site-packages\pymysql\connections.py", line 1245, in read
    first_packet = self.connection._read_packet()
  File "D:\college_placement_system\venv\Lib\site-packages\pymysql\connections.py", line 803, in _read_packet
    packet.raise_for_error()
    ~~~~~~~~~~~~~~~~~~~~~~^^
  File "D:\college_placement_system\venv\Lib\site-packages\pymysql\protocol.py", line 219, in raise_for_error
    err.raise_mysql_exception(self._data)
    ~~~~~~~~~~~~~~~~~~~~~~~~~^^^^^^^^^^^^
  File "D:\college_placement_system\venv\Lib\site-packages\pymysql\err.py", line 154, in raise_mysql_exception
    raise errorclass(errno, errval, sqlstate=sqlstate)
pymysql.err.IntegrityError: (1062, "Duplicate entry 'Rahul' for key 'accounts_customuser.username'")

The above exception was the direct cause of the following exception:

Traceback (most recent call last):
  File "D:\college_placement_system\venv\Lib\site-packages\django\core\handlers\exception.py", line 55, in inner
    response = get_response(request)
  File "D:\college_placement_system\venv\Lib\site-packages\django\core\handlers\base.py", line 198, in _get_response
    response = wrapped_callback(request, *callback_args, **callback_kwargs)
  File "D:\college_placement_system\venv\Lib\site-packages\django\views\decorators\csrf.py", line 65, in _view_wrapper
    return view_func(request, *args, **kwargs)
  File "D:\college_placement_system\venv\Lib\site-packages\django\views\generic\base.py", line 106, in view
    return self.dispatch(request, *args, **kwargs)
           ~~~~~~~~~~~~~^^^^^^^^^^^^^^^^^^^^^^^^^^
  File "D:\college_placement_system\venv\Lib\site-packages\rest_framework\views.py", line 515, in dispatch
    response = self.handle_exception(exc)
  File "D:\college_placement_system\venv\Lib\site-packages\rest_framework\views.py", line 475, in handle_exception
    self.raise_uncaught_exception(exc)
    ~~~~~~~~~~~~~~~~~~~~~~~~~~~~~^^^^^
  File "D:\college_placement_system\venv\Lib\site-packages\rest_framework\views.py", line 486, in raise_uncaught_exception
    raise exc
  File "D:\college_placement_system\venv\Lib\site-packages\rest_framework\views.py", line 512, in dispatch
    response = handler(request, *args, **kwargs)
  File "D:\college_placement_system\venv\Lib\site-packages\rest_framework\generics.py", line 194, in post
    return self.create(request, *args, **kwargs)
           ~~~~~~~~~~~^^^^^^^^^^^^^^^^^^^^^^^^^^
  File "D:\college_placement_system\venv\Lib\site-packages\rest_framework\mixins.py", line 19, in create
    self.perform_create(serializer)
    ~~~~~~~~~~~~~~~~~~~^^^^^^^^^^^^
  File "D:\college_placement_system\venv\Lib\site-packages\rest_framework\mixins.py", line 24, in perform_create
    serializer.save()
    ~~~~~~~~~~~~~~~^^
  File "D:\college_placement_system\venv\Lib\site-packages\rest_framework\serializers.py", line 210, in save
    self.instance = self.create(validated_data)
                    ~~~~~~~~~~~^^^^^^^^^^^^^^^^
  File "D:\college_placement_system\placement_project\accounts\serializers.py", line 60, in create
    user.save()
    ~~~~~~~~~^^
  File "D:\college_placement_system\venv\Lib\site-packages\django\contrib\auth\base_user.py", line 62, in save
    super().save(**kwargs)
    ~~~~~~~~~~~~^^^^^^^^^^
  File "D:\college_placement_system\venv\Lib\site-packages\django\db\models\base.py", line 874, in save
    self.save_base(
    ~~~~~~~~~~~~~~^
        using=using,
        ^^^^^^^^^^^^
    ...<2 lines>...
        update_fields=update_fields,
        ^^^^^^^^^^^^^^^^^^^^^^^^^^^^
    )
    ^
  File "D:\college_placement_system\venv\Lib\site-packages\django\db\models\base.py", line 966, in save_base
    updated = self._save_table(
        raw,
    ...<4 lines>...
        update_fields,
    )
  File "D:\college_placement_system\venv\Lib\site-packages\django\db\models\base.py", line 1169, in _save_table
    results = self._do_insert(
        cls._base_manager, using, insert_fields, returning_fields, raw
    )
  File "D:\college_placement_system\venv\Lib\site-packages\django\db\models\base.py", line 1220, in _do_insert
    return manager._insert(
           ~~~~~~~~~~~~~~~^
        [self],
        ^^^^^^^
    ...<3 lines>...
        raw=raw,
        ^^^^^^^^
    )
    ^
  File "D:\college_placement_system\venv\Lib\site-packages\django\db\models\manager.py", line 87, in manager_method
    return getattr(self.get_queryset(), name)(*args, **kwargs)
           ~~~~~~~~~~~~~~~~~~~~~~~~~~~~~~~~~~^^^^^^^^^^^^^^^^^
  File "D:\college_placement_system\venv\Lib\site-packages\django\db\models\query.py", line 1918, in _insert
    return query.get_compiler(using=using).execute_sql(returning_fields)
           ~~~~~~~~~~~~~~~~~~~~~~~~~~~~~~~~~~~~~~~~~~~^^^^^^^^^^^^^^^^^^
  File "D:\college_placement_system\venv\Lib\site-packages\django\db\models\sql\compiler.py", line 1925, in execute_sql
    cursor.execute(sql, params)
    ~~~~~~~~~~~~~~^^^^^^^^^^^^^
  File "D:\college_placement_system\venv\Lib\site-packages\django\db\backends\utils.py", line 122, in execute
    return super().execute(sql, params)
           ~~~~~~~~~~~~~~~^^^^^^^^^^^^^
  File "D:\college_placement_system\venv\Lib\site-packages\django\db\backends\utils.py", line 79, in execute
    return self._execute_with_wrappers(
           ~~~~~~~~~~~~~~~~~~~~~~~~~~~^
        sql, params, many=False, executor=self._execute
        ^^^^^^^^^^^^^^^^^^^^^^^^^^^^^^^^^^^^^^^^^^^^^^^
    )
    ^
  File "D:\college_placement_system\venv\Lib\site-packages\django\db\backends\utils.py", line 92, in _execute_with_wrappers
    return executor(sql, params, many, context)
  File "D:\college_placement_system\venv\Lib\site-packages\django\db\backends\utils.py", line 100, in _execute
    with self.db.wrap_database_errors:
         ^^^^^^^^^^^^^^^^^^^^^^^^^^^^
  File "D:\college_placement_system\venv\Lib\site-packages\django\db\utils.py", line 94, in __exit__
    raise dj_exc_value.with_traceback(traceback) from exc_value
  File "D:\college_placement_system\venv\Lib\site-packages\django\db\backends\utils.py", line 105, in _execute
    return self.cursor.execute(sql, params)
           ~~~~~~~~~~~~~~~~~~~^^^^^^^^^^^^^
  File "D:\college_placement_system\venv\Lib\site-packages\django\db\backends\mysql\base.py", line 78, in execute
    return self.cursor.execute(query, args)
           ~~~~~~~~~~~~~~~~~~~^^^^^^^^^^^^^
  File "D:\college_placement_system\venv\Lib\site-packages\pymysql\cursors.py", line 159, in execute
    result = self._query(query)
  File "D:\college_placement_system\venv\Lib\site-packages\pymysql\cursors.py", line 330, in _query
    conn.query(q)
    ~~~~~~~~~~^^^
  File "D:\college_placement_system\venv\Lib\site-packages\pymysql\connections.py", line 582, in query
    self._affected_rows = self._read_query_result(unbuffered=unbuffered)
                          ~~~~~~~~~~~~~~~~~~~~~~~^^^^^^^^^^^^^^^^^^^^^^^
  File "D:\college_placement_system\venv\Lib\site-packages\pymysql\connections.py", line 847, in _read_query_result
    result.read()
    ~~~~~~~~~~~^^
  File "D:\college_placement_system\venv\Lib\site-packages\pymysql\connections.py", line 1245, in read
    first_packet = self.connection._read_packet()
  File "D:\college_placement_system\venv\Lib\site-packages\pymysql\connections.py", line 803, in _read_packet
    packet.raise_for_error()
    ~~~~~~~~~~~~~~~~~~~~~~^^
  File "D:\college_placement_system\venv\Lib\site-packages\pymysql\protocol.py", line 219, in raise_for_error
    err.raise_mysql_exception(self._data)
    ~~~~~~~~~~~~~~~~~~~~~~~~~^^^^^^^^^^^^
  File "D:\college_placement_system\venv\Lib\site-packages\pymysql\err.py", line 154, in raise_mysql_exception
    raise errorclass(errno, errval, sqlstate=sqlstate)
django.db.utils.IntegrityError: (1062, "Duplicate entry 'Rahul' for key 'accounts_customuser.username'")
INFO 2026-08-06 18:07:03,261 django.utils.autoreload Watching for file changes with StatReloader
INFO 2026-08-06 18:23:48,840 django.utils.autoreload Watching for file changes with StatReloader
INFO 2026-08-06 18:25:55,633 django.utils.autoreload Watching for file changes with StatReloader
INFO 2026-08-06 18:30:58,264 django.utils.autoreload D:\college_placement_system\placement_project\placement_project\settings.py changed, reloading.
INFO 2026-08-06 18:30:58,680 django.utils.autoreload D:\college_placement_system\placement_project\placement_project\settings.py changed, reloading.
INFO 2026-08-06 18:30:59,002 django.utils.autoreload Watching for file changes with StatReloader
INFO 2026-08-06 18:30:59,261 django.utils.autoreload Watching for file changes with StatReloader
INFO 2026-08-06 18:33:25,762 django.utils.autoreload D:\college_placement_system\placement_project\placement_project\settings.py changed, reloading.
INFO 2026-08-06 18:33:25,762 django.utils.autoreload D:\college_placement_system\placement_project\placement_project\settings.py changed, reloading.
INFO 2026-08-06 18:33:26,476 django.utils.autoreload Watching for file changes with StatReloader
INFO 2026-08-06 18:33:26,544 django.utils.autoreload Watching for file changes with StatReloader
INFO 2026-08-06 18:34:58,368 django.utils.autoreload Watching for file changes with StatReloader
INFO 2026-08-06 18:35:37,234 django.utils.autoreload Watching for file changes with StatReloader
INFO 2026-08-06 18:35:53,101 django.utils.autoreload D:\college_placement_system\placement_project\placement_project\settings.py changed, reloading.
INFO 2026-08-06 18:35:53,810 django.utils.autoreload D:\college_placement_system\placement_project\placement_project\settings.py changed, reloading.
INFO 2026-08-06 18:35:53,816 django.utils.autoreload D:\college_placement_system\placement_project\placement_project\settings.py changed, reloading.
INFO 2026-08-06 18:35:54,280 django.utils.autoreload Watching for file changes with StatReloader
INFO 2026-08-06 18:35:54,740 django.utils.autoreload Watching for file changes with StatReloader
INFO 2026-08-06 18:35:54,806 django.utils.autoreload Watching for file changes with StatReloader
WARNING 2026-08-06 18:36:23,057 django.request Method Not Allowed: /accounts/api/register/
INFO 2026-08-06 18:40:14,744 django.utils.autoreload D:\college_placement_system\placement_project\placement_project\settings.py changed, reloading.
INFO 2026-08-06 18:40:15,440 django.utils.autoreload D:\college_placement_system\placement_project\placement_project\settings.py changed, reloading.
INFO 2026-08-06 18:40:15,621 django.utils.autoreload Watching for file changes with StatReloader
INFO 2026-08-06 18:40:16,044 django.utils.autoreload Watching for file changes with StatReloader
INFO 2026-08-06 18:40:22,951 django.utils.autoreload Watching for file changes with StatReloader
INFO 2026-08-06 18:41:55,497 django.utils.autoreload D:\college_placement_system\placement_project\placement_project\settings.py changed, reloading.
INFO 2026-08-06 18:41:55,499 django.utils.autoreload D:\college_placement_system\placement_project\placement_project\settings.py changed, reloading.
INFO 2026-08-06 18:41:55,725 django.utils.autoreload D:\college_placement_system\placement_project\placement_project\settings.py changed, reloading.
INFO 2026-08-06 18:41:56,287 django.utils.autoreload Watching for file changes with StatReloader
INFO 2026-08-06 18:41:56,322 django.utils.autoreload Watching for file changes with StatReloader
INFO 2026-08-06 18:41:56,413 django.utils.autoreload Watching for file changes with StatReloader
INFO 2026-08-06 18:42:33,803 django.utils.autoreload D:\college_placement_system\placement_project\placement_project\settings.py changed, reloading.
INFO 2026-08-06 18:42:33,816 django.utils.autoreload D:\college_placement_system\placement_project\placement_project\settings.py changed, reloading.
INFO 2026-08-06 18:42:33,819 django.utils.autoreload D:\college_placement_system\placement_project\placement_project\settings.py changed, reloading.
INFO 2026-08-06 18:42:34,726 django.utils.autoreload Watching for file changes with StatReloader
INFO 2026-08-06 18:42:34,756 django.utils.autoreload Watching for file changes with StatReloader
INFO 2026-08-06 18:42:34,770 django.utils.autoreload Watching for file changes with StatReloader
INFO 2026-08-06 19:41:32,084 django.utils.autoreload Watching for file changes with StatReloader
INFO 2026-08-06 20:00:30,328 django.utils.autoreload D:\college_placement_system\placement_project\students\urls.py changed, reloading.
INFO 2026-08-06 20:00:30,326 django.utils.autoreload D:\college_placement_system\placement_project\students\urls.py changed, reloading.
INFO 2026-08-06 20:00:30,331 django.utils.autoreload D:\college_placement_system\placement_project\students\urls.py changed, reloading.
INFO 2026-08-06 20:00:31,022 django.utils.autoreload Watching for file changes with StatReloader
INFO 2026-08-06 20:00:31,025 django.utils.autoreload Watching for file changes with StatReloader
INFO 2026-08-06 20:00:31,081 django.utils.autoreload Watching for file changes with StatReloader
INFO 2026-08-06 20:23:13,198 django.utils.autoreload D:\college_placement_system\placement_project\students\views.py changed, reloading.
INFO 2026-08-06 20:23:13,204 django.utils.autoreload D:\college_placement_system\placement_project\students\views.py changed, reloading.
INFO 2026-08-06 20:23:13,209 django.utils.autoreload D:\college_placement_system\placement_project\students\views.py changed, reloading.
INFO 2026-08-06 20:23:13,949 django.utils.autoreload Watching for file changes with StatReloader
INFO 2026-08-06 20:23:13,953 django.utils.autoreload Watching for file changes with StatReloader
INFO 2026-08-06 20:23:13,981 django.utils.autoreload Watching for file changes with StatReloader
ERROR 2026-08-06 20:31:26,645 django.request Internal Server Error: /accounts/api/register/
Traceback (most recent call last):
  File "D:\college_placement_system\venv\Lib\site-packages\django\db\backends\utils.py", line 105, in _execute
    return self.cursor.execute(sql, params)
           ~~~~~~~~~~~~~~~~~~~^^^^^^^^^^^^^
  File "D:\college_placement_system\venv\Lib\site-packages\django\db\backends\mysql\base.py", line 78, in execute
    return self.cursor.execute(query, args)
           ~~~~~~~~~~~~~~~~~~~^^^^^^^^^^^^^
  File "D:\college_placement_system\venv\Lib\site-packages\pymysql\cursors.py", line 159, in execute
    result = self._query(query)
  File "D:\college_placement_system\venv\Lib\site-packages\pymysql\cursors.py", line 330, in _query
    conn.query(q)
    ~~~~~~~~~~^^^
  File "D:\college_placement_system\venv\Lib\site-packages\pymysql\connections.py", line 582, in query
    self._affected_rows = self._read_query_result(unbuffered=unbuffered)
                          ~~~~~~~~~~~~~~~~~~~~~~~^^^^^^^^^^^^^^^^^^^^^^^
  File "D:\college_placement_system\venv\Lib\site-packages\pymysql\connections.py", line 847, in _read_query_result
    result.read()
    ~~~~~~~~~~~^^
  File "D:\college_placement_system\venv\Lib\site-packages\pymysql\connections.py", line 1245, in read
    first_packet = self.connection._read_packet()
  File "D:\college_placement_system\venv\Lib\site-packages\pymysql\connections.py", line 803, in _read_packet
    packet.raise_for_error()
    ~~~~~~~~~~~~~~~~~~~~~~^^
  File "D:\college_placement_system\venv\Lib\site-packages\pymysql\protocol.py", line 219, in raise_for_error
    err.raise_mysql_exception(self._data)
    ~~~~~~~~~~~~~~~~~~~~~~~~~^^^^^^^^^^^^
  File "D:\college_placement_system\venv\Lib\site-packages\pymysql\err.py", line 154, in raise_mysql_exception
    raise errorclass(errno, errval, sqlstate=sqlstate)
pymysql.err.IntegrityError: (1062, "Duplicate entry 'Rajiv' for key 'accounts_customuser.username'")

The above exception was the direct cause of the following exception:

Traceback (most recent call last):
  File "D:\college_placement_system\venv\Lib\site-packages\django\core\handlers\exception.py", line 55, in inner
    response = get_response(request)
  File "D:\college_placement_system\venv\Lib\site-packages\django\core\handlers\base.py", line 198, in _get_response
    response = wrapped_callback(request, *callback_args, **callback_kwargs)
  File "D:\college_placement_system\venv\Lib\site-packages\django\views\decorators\csrf.py", line 65, in _view_wrapper
    return view_func(request, *args, **kwargs)
  File "D:\college_placement_system\venv\Lib\site-packages\django\views\generic\base.py", line 106, in view
    return self.dispatch(request, *args, **kwargs)
           ~~~~~~~~~~~~~^^^^^^^^^^^^^^^^^^^^^^^^^^
  File "D:\college_placement_system\venv\Lib\site-packages\rest_framework\views.py", line 515, in dispatch
    response = self.handle_exception(exc)
  File "D:\college_placement_system\venv\Lib\site-packages\rest_framework\views.py", line 475, in handle_exception
    self.raise_uncaught_exception(exc)
    ~~~~~~~~~~~~~~~~~~~~~~~~~~~~~^^^^^
  File "D:\college_placement_system\venv\Lib\site-packages\rest_framework\views.py", line 486, in raise_uncaught_exception
    raise exc
  File "D:\college_placement_system\venv\Lib\site-packages\rest_framework\views.py", line 512, in dispatch
    response = handler(request, *args, **kwargs)
  File "D:\college_placement_system\venv\Lib\site-packages\rest_framework\generics.py", line 194, in post
    return self.create(request, *args, **kwargs)
           ~~~~~~~~~~~^^^^^^^^^^^^^^^^^^^^^^^^^^
  File "D:\college_placement_system\venv\Lib\site-packages\rest_framework\mixins.py", line 19, in create
    self.perform_create(serializer)
    ~~~~~~~~~~~~~~~~~~~^^^^^^^^^^^^
  File "D:\college_placement_system\venv\Lib\site-packages\rest_framework\mixins.py", line 24, in perform_create
    serializer.save()
    ~~~~~~~~~~~~~~~^^
  File "D:\college_placement_system\venv\Lib\site-packages\rest_framework\serializers.py", line 210, in save
    self.instance = self.create(validated_data)
                    ~~~~~~~~~~~^^^^^^^^^^^^^^^^
  File "D:\college_placement_system\placement_project\accounts\serializers.py", line 60, in create
    user.save()
    ~~~~~~~~~^^
  File "D:\college_placement_system\venv\Lib\site-packages\django\contrib\auth\base_user.py", line 62, in save
    super().save(**kwargs)
    ~~~~~~~~~~~~^^^^^^^^^^
  File "D:\college_placement_system\venv\Lib\site-packages\django\db\models\base.py", line 874, in save
    self.save_base(
    ~~~~~~~~~~~~~~^
        using=using,
        ^^^^^^^^^^^^
    ...<2 lines>...
        update_fields=update_fields,
        ^^^^^^^^^^^^^^^^^^^^^^^^^^^^
    )
    ^
  File "D:\college_placement_system\venv\Lib\site-packages\django\db\models\base.py", line 966, in save_base
    updated = self._save_table(
        raw,
    ...<4 lines>...
        update_fields,
    )
  File "D:\college_placement_system\venv\Lib\site-packages\django\db\models\base.py", line 1169, in _save_table
    results = self._do_insert(
        cls._base_manager, using, insert_fields, returning_fields, raw
    )
  File "D:\college_placement_system\venv\Lib\site-packages\django\db\models\base.py", line 1220, in _do_insert
    return manager._insert(
           ~~~~~~~~~~~~~~~^
        [self],
        ^^^^^^^
    ...<3 lines>...
        raw=raw,
        ^^^^^^^^
    )
    ^
  File "D:\college_placement_system\venv\Lib\site-packages\django\db\models\manager.py", line 87, in manager_method
    return getattr(self.get_queryset(), name)(*args, **kwargs)
           ~~~~~~~~~~~~~~~~~~~~~~~~~~~~~~~~~~^^^^^^^^^^^^^^^^^
  File "D:\college_placement_system\venv\Lib\site-packages\django\db\models\query.py", line 1918, in _insert
    return query.get_compiler(using=using).execute_sql(returning_fields)
           ~~~~~~~~~~~~~~~~~~~~~~~~~~~~~~~~~~~~~~~~~~~^^^^^^^^^^^^^^^^^^
  File "D:\college_placement_system\venv\Lib\site-packages\django\db\models\sql\compiler.py", line 1925, in execute_sql
    cursor.execute(sql, params)
    ~~~~~~~~~~~~~~^^^^^^^^^^^^^
  File "D:\college_placement_system\venv\Lib\site-packages\django\db\backends\utils.py", line 122, in execute
    return super().execute(sql, params)
           ~~~~~~~~~~~~~~~^^^^^^^^^^^^^
  File "D:\college_placement_system\venv\Lib\site-packages\django\db\backends\utils.py", line 79, in execute
    return self._execute_with_wrappers(
           ~~~~~~~~~~~~~~~~~~~~~~~~~~~^
        sql, params, many=False, executor=self._execute
        ^^^^^^^^^^^^^^^^^^^^^^^^^^^^^^^^^^^^^^^^^^^^^^^
    )
    ^
  File "D:\college_placement_system\venv\Lib\site-packages\django\db\backends\utils.py", line 92, in _execute_with_wrappers
    return executor(sql, params, many, context)
  File "D:\college_placement_system\venv\Lib\site-packages\django\db\backends\utils.py", line 100, in _execute
    with self.db.wrap_database_errors:
         ^^^^^^^^^^^^^^^^^^^^^^^^^^^^
  File "D:\college_placement_system\venv\Lib\site-packages\django\db\utils.py", line 94, in __exit__
    raise dj_exc_value.with_traceback(traceback) from exc_value
  File "D:\college_placement_system\venv\Lib\site-packages\django\db\backends\utils.py", line 105, in _execute
    return self.cursor.execute(sql, params)
           ~~~~~~~~~~~~~~~~~~~^^^^^^^^^^^^^
  File "D:\college_placement_system\venv\Lib\site-packages\django\db\backends\mysql\base.py", line 78, in execute
    return self.cursor.execute(query, args)
           ~~~~~~~~~~~~~~~~~~~^^^^^^^^^^^^^
  File "D:\college_placement_system\venv\Lib\site-packages\pymysql\cursors.py", line 159, in execute
    result = self._query(query)
  File "D:\college_placement_system\venv\Lib\site-packages\pymysql\cursors.py", line 330, in _query
    conn.query(q)
    ~~~~~~~~~~^^^
  File "D:\college_placement_system\venv\Lib\site-packages\pymysql\connections.py", line 582, in query
    self._affected_rows = self._read_query_result(unbuffered=unbuffered)
                          ~~~~~~~~~~~~~~~~~~~~~~~^^^^^^^^^^^^^^^^^^^^^^^
  File "D:\college_placement_system\venv\Lib\site-packages\pymysql\connections.py", line 847, in _read_query_result
    result.read()
    ~~~~~~~~~~~^^
  File "D:\college_placement_system\venv\Lib\site-packages\pymysql\connections.py", line 1245, in read
    first_packet = self.connection._read_packet()
  File "D:\college_placement_system\venv\Lib\site-packages\pymysql\connections.py", line 803, in _read_packet
    packet.raise_for_error()
    ~~~~~~~~~~~~~~~~~~~~~~^^
  File "D:\college_placement_system\venv\Lib\site-packages\pymysql\protocol.py", line 219, in raise_for_error
    err.raise_mysql_exception(self._data)
    ~~~~~~~~~~~~~~~~~~~~~~~~~^^^^^^^^^^^^
  File "D:\college_placement_system\venv\Lib\site-packages\pymysql\err.py", line 154, in raise_mysql_exception
    raise errorclass(errno, errval, sqlstate=sqlstate)
django.db.utils.IntegrityError: (1062, "Duplicate entry 'Rajiv' for key 'accounts_customuser.username'")
WARNING 2026-08-06 20:52:45,149 django.request Not Found: /accounts/api/students/api/create/
WARNING 2026-08-06 20:55:41,968 django.request Not Found: /accounts/api/students/api/create/
WARNING 2026-08-06 21:10:28,610 django.request Not Found: /accounts/api/accounts/api/login/
WARNING 2026-08-06 21:10:33,860 django.request Not Found: /accounts/api/accounts/api/login/
WARNING 2026-08-06 21:10:47,242 django.request Not Found: /accounts/api/accounts/api/login/
WARNING 2026-08-06 21:11:29,840 django.request Not Found: /accounts/api/accounts/api/login/
WARNING 2026-08-06 21:12:12,044 django.request Not Found: /accounts/api/accounts/api/login/
WARNING 2026-08-06 21:12:48,417 django.request Not Found: /accounts/api/accounts/api/register/
WARNING 2026-08-06 21:13:14,217 django.request Not Found: /accounts/api/accounts/api/register/
WARNING 2026-08-06 21:13:41,022 django.request Not Found: /accounts/api/accounts/api/register/
WARNING 2026-08-06 21:14:14,028 django.request Not Found: /accounts/api/accounts/api/register/
WARNING 2026-08-06 21:14:19,999 django.request Not Found: /accounts/api/accounts/api/register/
WARNING 2026-08-06 21:15:43,131 django.request Not Found: /accounts/api/accounts/api/register/
ERROR 2026-08-06 21:19:32,738 django.request Internal Server Error: /accounts/api/register/
Traceback (most recent call last):
  File "D:\college_placement_system\venv\Lib\site-packages\django\db\backends\utils.py", line 105, in _execute
    return self.cursor.execute(sql, params)
           ~~~~~~~~~~~~~~~~~~~^^^^^^^^^^^^^
  File "D:\college_placement_system\venv\Lib\site-packages\django\db\backends\mysql\base.py", line 78, in execute
    return self.cursor.execute(query, args)
           ~~~~~~~~~~~~~~~~~~~^^^^^^^^^^^^^
  File "D:\college_placement_system\venv\Lib\site-packages\pymysql\cursors.py", line 159, in execute
    result = self._query(query)
  File "D:\college_placement_system\venv\Lib\site-packages\pymysql\cursors.py", line 330, in _query
    conn.query(q)
    ~~~~~~~~~~^^^
  File "D:\college_placement_system\venv\Lib\site-packages\pymysql\connections.py", line 582, in query
    self._affected_rows = self._read_query_result(unbuffered=unbuffered)
                          ~~~~~~~~~~~~~~~~~~~~~~~^^^^^^^^^^^^^^^^^^^^^^^
  File "D:\college_placement_system\venv\Lib\site-packages\pymysql\connections.py", line 847, in _read_query_result
    result.read()
    ~~~~~~~~~~~^^
  File "D:\college_placement_system\venv\Lib\site-packages\pymysql\connections.py", line 1245, in read
    first_packet = self.connection._read_packet()
  File "D:\college_placement_system\venv\Lib\site-packages\pymysql\connections.py", line 803, in _read_packet
    packet.raise_for_error()
    ~~~~~~~~~~~~~~~~~~~~~~^^
  File "D:\college_placement_system\venv\Lib\site-packages\pymysql\protocol.py", line 219, in raise_for_error
    err.raise_mysql_exception(self._data)
    ~~~~~~~~~~~~~~~~~~~~~~~~~^^^^^^^^^^^^
  File "D:\college_placement_system\venv\Lib\site-packages\pymysql\err.py", line 154, in raise_mysql_exception
    raise errorclass(errno, errval, sqlstate=sqlstate)
pymysql.err.IntegrityError: (1062, "Duplicate entry 'shalini' for key 'accounts_customuser.username'")

The above exception was the direct cause of the following exception:

Traceback (most recent call last):
  File "D:\college_placement_system\venv\Lib\site-packages\django\core\handlers\exception.py", line 55, in inner
    response = get_response(request)
  File "D:\college_placement_system\venv\Lib\site-packages\django\core\handlers\base.py", line 198, in _get_response
    response = wrapped_callback(request, *callback_args, **callback_kwargs)
  File "D:\college_placement_system\venv\Lib\site-packages\django\views\decorators\csrf.py", line 65, in _view_wrapper
    return view_func(request, *args, **kwargs)
  File "D:\college_placement_system\venv\Lib\site-packages\django\views\generic\base.py", line 106, in view
    return self.dispatch(request, *args, **kwargs)
           ~~~~~~~~~~~~~^^^^^^^^^^^^^^^^^^^^^^^^^^
  File "D:\college_placement_system\venv\Lib\site-packages\rest_framework\views.py", line 515, in dispatch
    response = self.handle_exception(exc)
  File "D:\college_placement_system\venv\Lib\site-packages\rest_framework\views.py", line 475, in handle_exception
    self.raise_uncaught_exception(exc)
    ~~~~~~~~~~~~~~~~~~~~~~~~~~~~~^^^^^
  File "D:\college_placement_system\venv\Lib\site-packages\rest_framework\views.py", line 486, in raise_uncaught_exception
    raise exc
  File "D:\college_placement_system\venv\Lib\site-packages\rest_framework\views.py", line 512, in dispatch
    response = handler(request, *args, **kwargs)
  File "D:\college_placement_system\venv\Lib\site-packages\rest_framework\generics.py", line 194, in post
    return self.create(request, *args, **kwargs)
           ~~~~~~~~~~~^^^^^^^^^^^^^^^^^^^^^^^^^^
  File "D:\college_placement_system\venv\Lib\site-packages\rest_framework\mixins.py", line 19, in create
    self.perform_create(serializer)
    ~~~~~~~~~~~~~~~~~~~^^^^^^^^^^^^
  File "D:\college_placement_system\venv\Lib\site-packages\rest_framework\mixins.py", line 24, in perform_create
    serializer.save()
    ~~~~~~~~~~~~~~~^^
  File "D:\college_placement_system\venv\Lib\site-packages\rest_framework\serializers.py", line 210, in save
    self.instance = self.create(validated_data)
                    ~~~~~~~~~~~^^^^^^^^^^^^^^^^
  File "D:\college_placement_system\placement_project\accounts\serializers.py", line 60, in create
    user.save()
    ~~~~~~~~~^^
  File "D:\college_placement_system\venv\Lib\site-packages\django\contrib\auth\base_user.py", line 62, in save
    super().save(**kwargs)
    ~~~~~~~~~~~~^^^^^^^^^^
  File "D:\college_placement_system\venv\Lib\site-packages\django\db\models\base.py", line 874, in save
    self.save_base(
    ~~~~~~~~~~~~~~^
        using=using,
        ^^^^^^^^^^^^
    ...<2 lines>...
        update_fields=update_fields,
        ^^^^^^^^^^^^^^^^^^^^^^^^^^^^
    )
    ^
  File "D:\college_placement_system\venv\Lib\site-packages\django\db\models\base.py", line 966, in save_base
    updated = self._save_table(
        raw,
    ...<4 lines>...
        update_fields,
    )
  File "D:\college_placement_system\venv\Lib\site-packages\django\db\models\base.py", line 1169, in _save_table
    results = self._do_insert(
        cls._base_manager, using, insert_fields, returning_fields, raw
    )
  File "D:\college_placement_system\venv\Lib\site-packages\django\db\models\base.py", line 1220, in _do_insert
    return manager._insert(
           ~~~~~~~~~~~~~~~^
        [self],
        ^^^^^^^
    ...<3 lines>...
        raw=raw,
        ^^^^^^^^
    )
    ^
  File "D:\college_placement_system\venv\Lib\site-packages\django\db\models\manager.py", line 87, in manager_method
    return getattr(self.get_queryset(), name)(*args, **kwargs)
           ~~~~~~~~~~~~~~~~~~~~~~~~~~~~~~~~~~^^^^^^^^^^^^^^^^^
  File "D:\college_placement_system\venv\Lib\site-packages\django\db\models\query.py", line 1918, in _insert
    return query.get_compiler(using=using).execute_sql(returning_fields)
           ~~~~~~~~~~~~~~~~~~~~~~~~~~~~~~~~~~~~~~~~~~~^^^^^^^^^^^^^^^^^^
  File "D:\college_placement_system\venv\Lib\site-packages\django\db\models\sql\compiler.py", line 1925, in execute_sql
    cursor.execute(sql, params)
    ~~~~~~~~~~~~~~^^^^^^^^^^^^^
  File "D:\college_placement_system\venv\Lib\site-packages\django\db\backends\utils.py", line 122, in execute
    return super().execute(sql, params)
           ~~~~~~~~~~~~~~~^^^^^^^^^^^^^
  File "D:\college_placement_system\venv\Lib\site-packages\django\db\backends\utils.py", line 79, in execute
    return self._execute_with_wrappers(
           ~~~~~~~~~~~~~~~~~~~~~~~~~~~^
        sql, params, many=False, executor=self._execute
        ^^^^^^^^^^^^^^^^^^^^^^^^^^^^^^^^^^^^^^^^^^^^^^^
    )
    ^
  File "D:\college_placement_system\venv\Lib\site-packages\django\db\backends\utils.py", line 92, in _execute_with_wrappers
    return executor(sql, params, many, context)
  File "D:\college_placement_system\venv\Lib\site-packages\django\db\backends\utils.py", line 100, in _execute
    with self.db.wrap_database_errors:
         ^^^^^^^^^^^^^^^^^^^^^^^^^^^^
  File "D:\college_placement_system\venv\Lib\site-packages\django\db\utils.py", line 94, in __exit__
    raise dj_exc_value.with_traceback(traceback) from exc_value
  File "D:\college_placement_system\venv\Lib\site-packages\django\db\backends\utils.py", line 105, in _execute
    return self.cursor.execute(sql, params)
           ~~~~~~~~~~~~~~~~~~~^^^^^^^^^^^^^
  File "D:\college_placement_system\venv\Lib\site-packages\django\db\backends\mysql\base.py", line 78, in execute
    return self.cursor.execute(query, args)
           ~~~~~~~~~~~~~~~~~~~^^^^^^^^^^^^^
  File "D:\college_placement_system\venv\Lib\site-packages\pymysql\cursors.py", line 159, in execute
    result = self._query(query)
  File "D:\college_placement_system\venv\Lib\site-packages\pymysql\cursors.py", line 330, in _query
    conn.query(q)
    ~~~~~~~~~~^^^
  File "D:\college_placement_system\venv\Lib\site-packages\pymysql\connections.py", line 582, in query
    self._affected_rows = self._read_query_result(unbuffered=unbuffered)
                          ~~~~~~~~~~~~~~~~~~~~~~~^^^^^^^^^^^^^^^^^^^^^^^
  File "D:\college_placement_system\venv\Lib\site-packages\pymysql\connections.py", line 847, in _read_query_result
    result.read()
    ~~~~~~~~~~~^^
  File "D:\college_placement_system\venv\Lib\site-packages\pymysql\connections.py", line 1245, in read
    first_packet = self.connection._read_packet()
  File "D:\college_placement_system\venv\Lib\site-packages\pymysql\connections.py", line 803, in _read_packet
    packet.raise_for_error()
    ~~~~~~~~~~~~~~~~~~~~~~^^
  File "D:\college_placement_system\venv\Lib\site-packages\pymysql\protocol.py", line 219, in raise_for_error
    err.raise_mysql_exception(self._data)
    ~~~~~~~~~~~~~~~~~~~~~~~~~^^^^^^^^^^^^
  File "D:\college_placement_system\venv\Lib\site-packages\pymysql\err.py", line 154, in raise_mysql_exception
    raise errorclass(errno, errval, sqlstate=sqlstate)
django.db.utils.IntegrityError: (1062, "Duplicate entry 'shalini' for key 'accounts_customuser.username'")
ERROR 2026-08-06 21:19:32,902 django.request Internal Server Error: /accounts/api/register/
Traceback (most recent call last):
  File "D:\college_placement_system\venv\Lib\site-packages\django\db\backends\utils.py", line 105, in _execute
    return self.cursor.execute(sql, params)
           ~~~~~~~~~~~~~~~~~~~^^^^^^^^^^^^^
  File "D:\college_placement_system\venv\Lib\site-packages\django\db\backends\mysql\base.py", line 78, in execute
    return self.cursor.execute(query, args)
           ~~~~~~~~~~~~~~~~~~~^^^^^^^^^^^^^
  File "D:\college_placement_system\venv\Lib\site-packages\pymysql\cursors.py", line 159, in execute
    result = self._query(query)
  File "D:\college_placement_system\venv\Lib\site-packages\pymysql\cursors.py", line 330, in _query
    conn.query(q)
    ~~~~~~~~~~^^^
  File "D:\college_placement_system\venv\Lib\site-packages\pymysql\connections.py", line 582, in query
    self._affected_rows = self._read_query_result(unbuffered=unbuffered)
                          ~~~~~~~~~~~~~~~~~~~~~~~^^^^^^^^^^^^^^^^^^^^^^^
  File "D:\college_placement_system\venv\Lib\site-packages\pymysql\connections.py", line 847, in _read_query_result
    result.read()
    ~~~~~~~~~~~^^
  File "D:\college_placement_system\venv\Lib\site-packages\pymysql\connections.py", line 1245, in read
    first_packet = self.connection._read_packet()
  File "D:\college_placement_system\venv\Lib\site-packages\pymysql\connections.py", line 803, in _read_packet
    packet.raise_for_error()
    ~~~~~~~~~~~~~~~~~~~~~~^^
  File "D:\college_placement_system\venv\Lib\site-packages\pymysql\protocol.py", line 219, in raise_for_error
    err.raise_mysql_exception(self._data)
    ~~~~~~~~~~~~~~~~~~~~~~~~~^^^^^^^^^^^^
  File "D:\college_placement_system\venv\Lib\site-packages\pymysql\err.py", line 154, in raise_mysql_exception
    raise errorclass(errno, errval, sqlstate=sqlstate)
pymysql.err.IntegrityError: (1062, "Duplicate entry 'shalini' for key 'accounts_customuser.username'")

The above exception was the direct cause of the following exception:

Traceback (most recent call last):
  File "D:\college_placement_system\venv\Lib\site-packages\django\core\handlers\exception.py", line 55, in inner
    response = get_response(request)
  File "D:\college_placement_system\venv\Lib\site-packages\django\core\handlers\base.py", line 198, in _get_response
    response = wrapped_callback(request, *callback_args, **callback_kwargs)
  File "D:\college_placement_system\venv\Lib\site-packages\django\views\decorators\csrf.py", line 65, in _view_wrapper
    return view_func(request, *args, **kwargs)
  File "D:\college_placement_system\venv\Lib\site-packages\django\views\generic\base.py", line 106, in view
    return self.dispatch(request, *args, **kwargs)
           ~~~~~~~~~~~~~^^^^^^^^^^^^^^^^^^^^^^^^^^
  File "D:\college_placement_system\venv\Lib\site-packages\rest_framework\views.py", line 515, in dispatch
    response = self.handle_exception(exc)
  File "D:\college_placement_system\venv\Lib\site-packages\rest_framework\views.py", line 475, in handle_exception
    self.raise_uncaught_exception(exc)
    ~~~~~~~~~~~~~~~~~~~~~~~~~~~~~^^^^^
  File "D:\college_placement_system\venv\Lib\site-packages\rest_framework\views.py", line 486, in raise_uncaught_exception
    raise exc
  File "D:\college_placement_system\venv\Lib\site-packages\rest_framework\views.py", line 512, in dispatch
    response = handler(request, *args, **kwargs)
  File "D:\college_placement_system\venv\Lib\site-packages\rest_framework\generics.py", line 194, in post
    return self.create(request, *args, **kwargs)
           ~~~~~~~~~~~^^^^^^^^^^^^^^^^^^^^^^^^^^
  File "D:\college_placement_system\venv\Lib\site-packages\rest_framework\mixins.py", line 19, in create
    self.perform_create(serializer)
    ~~~~~~~~~~~~~~~~~~~^^^^^^^^^^^^
  File "D:\college_placement_system\venv\Lib\site-packages\rest_framework\mixins.py", line 24, in perform_create
    serializer.save()
    ~~~~~~~~~~~~~~~^^
  File "D:\college_placement_system\venv\Lib\site-packages\rest_framework\serializers.py", line 210, in save
    self.instance = self.create(validated_data)
                    ~~~~~~~~~~~^^^^^^^^^^^^^^^^
  File "D:\college_placement_system\placement_project\accounts\serializers.py", line 60, in create
    user.save()
    ~~~~~~~~~^^
  File "D:\college_placement_system\venv\Lib\site-packages\django\contrib\auth\base_user.py", line 62, in save
    super().save(**kwargs)
    ~~~~~~~~~~~~^^^^^^^^^^
  File "D:\college_placement_system\venv\Lib\site-packages\django\db\models\base.py", line 874, in save
    self.save_base(
    ~~~~~~~~~~~~~~^
        using=using,
        ^^^^^^^^^^^^
    ...<2 lines>...
        update_fields=update_fields,
        ^^^^^^^^^^^^^^^^^^^^^^^^^^^^
    )
    ^
  File "D:\college_placement_system\venv\Lib\site-packages\django\db\models\base.py", line 966, in save_base
    updated = self._save_table(
        raw,
    ...<4 lines>...
        update_fields,
    )
  File "D:\college_placement_system\venv\Lib\site-packages\django\db\models\base.py", line 1169, in _save_table
    results = self._do_insert(
        cls._base_manager, using, insert_fields, returning_fields, raw
    )
  File "D:\college_placement_system\venv\Lib\site-packages\django\db\models\base.py", line 1220, in _do_insert
    return manager._insert(
           ~~~~~~~~~~~~~~~^
        [self],
        ^^^^^^^
    ...<3 lines>...
        raw=raw,
        ^^^^^^^^
    )
    ^
  File "D:\college_placement_system\venv\Lib\site-packages\django\db\models\manager.py", line 87, in manager_method
    return getattr(self.get_queryset(), name)(*args, **kwargs)
           ~~~~~~~~~~~~~~~~~~~~~~~~~~~~~~~~~~^^^^^^^^^^^^^^^^^
  File "D:\college_placement_system\venv\Lib\site-packages\django\db\models\query.py", line 1918, in _insert
    return query.get_compiler(using=using).execute_sql(returning_fields)
           ~~~~~~~~~~~~~~~~~~~~~~~~~~~~~~~~~~~~~~~~~~~^^^^^^^^^^^^^^^^^^
  File "D:\college_placement_system\venv\Lib\site-packages\django\db\models\sql\compiler.py", line 1925, in execute_sql
    cursor.execute(sql, params)
    ~~~~~~~~~~~~~~^^^^^^^^^^^^^
  File "D:\college_placement_system\venv\Lib\site-packages\django\db\backends\utils.py", line 122, in execute
    return super().execute(sql, params)
           ~~~~~~~~~~~~~~~^^^^^^^^^^^^^
  File "D:\college_placement_system\venv\Lib\site-packages\django\db\backends\utils.py", line 79, in execute
    return self._execute_with_wrappers(
           ~~~~~~~~~~~~~~~~~~~~~~~~~~~^
        sql, params, many=False, executor=self._execute
        ^^^^^^^^^^^^^^^^^^^^^^^^^^^^^^^^^^^^^^^^^^^^^^^
    )
    ^
  File "D:\college_placement_system\venv\Lib\site-packages\django\db\backends\utils.py", line 92, in _execute_with_wrappers
    return executor(sql, params, many, context)
  File "D:\college_placement_system\venv\Lib\site-packages\django\db\backends\utils.py", line 100, in _execute
    with self.db.wrap_database_errors:
         ^^^^^^^^^^^^^^^^^^^^^^^^^^^^
  File "D:\college_placement_system\venv\Lib\site-packages\django\db\utils.py", line 94, in __exit__
    raise dj_exc_value.with_traceback(traceback) from exc_value
  File "D:\college_placement_system\venv\Lib\site-packages\django\db\backends\utils.py", line 105, in _execute
    return self.cursor.execute(sql, params)
           ~~~~~~~~~~~~~~~~~~~^^^^^^^^^^^^^
  File "D:\college_placement_system\venv\Lib\site-packages\django\db\backends\mysql\base.py", line 78, in execute
    return self.cursor.execute(query, args)
           ~~~~~~~~~~~~~~~~~~~^^^^^^^^^^^^^
  File "D:\college_placement_system\venv\Lib\site-packages\pymysql\cursors.py", line 159, in execute
    result = self._query(query)
  File "D:\college_placement_system\venv\Lib\site-packages\pymysql\cursors.py", line 330, in _query
    conn.query(q)
    ~~~~~~~~~~^^^
  File "D:\college_placement_system\venv\Lib\site-packages\pymysql\connections.py", line 582, in query
    self._affected_rows = self._read_query_result(unbuffered=unbuffered)
                          ~~~~~~~~~~~~~~~~~~~~~~~^^^^^^^^^^^^^^^^^^^^^^^
  File "D:\college_placement_system\venv\Lib\site-packages\pymysql\connections.py", line 847, in _read_query_result
    result.read()
    ~~~~~~~~~~~^^
  File "D:\college_placement_system\venv\Lib\site-packages\pymysql\connections.py", line 1245, in read
    first_packet = self.connection._read_packet()
  File "D:\college_placement_system\venv\Lib\site-packages\pymysql\connections.py", line 803, in _read_packet
    packet.raise_for_error()
    ~~~~~~~~~~~~~~~~~~~~~~^^
  File "D:\college_placement_system\venv\Lib\site-packages\pymysql\protocol.py", line 219, in raise_for_error
    err.raise_mysql_exception(self._data)
    ~~~~~~~~~~~~~~~~~~~~~~~~~^^^^^^^^^^^^
  File "D:\college_placement_system\venv\Lib\site-packages\pymysql\err.py", line 154, in raise_mysql_exception
    raise errorclass(errno, errval, sqlstate=sqlstate)
django.db.utils.IntegrityError: (1062, "Duplicate entry 'shalini' for key 'accounts_customuser.username'")
WARNING 2026-08-06 21:22:08,636 django.request Bad Request: /students/api/create/
WARNING 2026-08-06 21:22:08,637 django.request Bad Request: /students/api/create/
WARNING 2026-08-06 21:22:08,640 django.request Bad Request: /students/api/create/
INFO 2026-08-06 21:33:34,386 django.utils.autoreload D:\college_placement_system\placement_project\students\serializers.py changed, reloading.
INFO 2026-08-06 21:33:34,389 django.utils.autoreload D:\college_placement_system\placement_project\students\serializers.py changed, reloading.
INFO 2026-08-06 21:33:34,590 django.utils.autoreload D:\college_placement_system\placement_project\students\serializers.py changed, reloading.
INFO 2026-08-06 21:33:35,224 django.utils.autoreload Watching for file changes with StatReloader
INFO 2026-08-06 21:33:35,228 django.utils.autoreload Watching for file changes with StatReloader
INFO 2026-08-06 21:33:35,374 django.utils.autoreload Watching for file changes with StatReloader
INFO 2026-08-06 21:33:43,105 django.utils.autoreload Watching for file changes with StatReloader
INFO 2026-08-06 21:36:02,229 django.utils.autoreload D:\college_placement_system\placement_project\students\serializers.py changed, reloading.
INFO 2026-08-06 21:36:02,242 django.utils.autoreload D:\college_placement_system\placement_project\students\serializers.py changed, reloading.
INFO 2026-08-06 21:36:02,475 django.utils.autoreload D:\college_placement_system\placement_project\students\serializers.py changed, reloading.
INFO 2026-08-06 21:36:03,020 django.utils.autoreload Watching for file changes with StatReloader
INFO 2026-08-06 21:36:03,022 django.utils.autoreload Watching for file changes with StatReloader
INFO 2026-08-06 21:36:03,160 django.utils.autoreload Watching for file changes with StatReloader
WARNING 2026-08-06 21:36:10,132 django.request Unauthorized: /students/api/create/
INFO 2026-08-07 12:10:06,492 django.utils.autoreload D:\college_placement_system\placement_project\students\views.py changed, reloading.
INFO 2026-08-07 12:10:06,500 django.utils.autoreload D:\college_placement_system\placement_project\students\views.py changed, reloading.
INFO 2026-08-07 12:10:06,507 django.utils.autoreload D:\college_placement_system\placement_project\students\views.py changed, reloading.
INFO 2026-08-07 12:10:21,768 django.utils.autoreload Watching for file changes with StatReloader
INFO 2026-08-07 12:10:21,768 django.utils.autoreload Watching for file changes with StatReloader
INFO 2026-08-07 12:10:21,768 django.utils.autoreload Watching for file changes with StatReloader
INFO 2026-08-07 12:11:30,871 django.utils.autoreload D:\college_placement_system\placement_project\students\views.py changed, reloading.
INFO 2026-08-07 12:11:30,875 django.utils.autoreload D:\college_placement_system\placement_project\students\views.py changed, reloading.
INFO 2026-08-07 12:11:30,884 django.utils.autoreload D:\college_placement_system\placement_project\students\views.py changed, reloading.
INFO 2026-08-07 12:11:31,716 django.utils.autoreload Watching for file changes with StatReloader
INFO 2026-08-07 12:11:31,716 django.utils.autoreload Watching for file changes with StatReloader
INFO 2026-08-07 12:11:31,742 django.utils.autoreload Watching for file changes with StatReloader
INFO 2026-08-07 12:14:30,521 django.utils.autoreload D:\college_placement_system\placement_project\students\urls.py changed, reloading.
INFO 2026-08-07 12:14:30,523 django.utils.autoreload D:\college_placement_system\placement_project\students\urls.py changed, reloading.
INFO 2026-08-07 12:14:30,524 django.utils.autoreload D:\college_placement_system\placement_project\students\urls.py changed, reloading.
INFO 2026-08-07 12:14:31,242 django.utils.autoreload Watching for file changes with StatReloader
INFO 2026-08-07 12:14:31,249 django.utils.autoreload Watching for file changes with StatReloader
INFO 2026-08-07 12:14:31,254 django.utils.autoreload Watching for file changes with StatReloader
INFO 2026-08-07 12:14:56,300 django.utils.autoreload Watching for file changes with StatReloader
INFO 2026-08-07 12:29:22,145 django.utils.autoreload D:\college_placement_system\placement_project\companies\serializers.py changed, reloading.
INFO 2026-08-07 12:29:22,676 django.utils.autoreload Watching for file changes with StatReloader
INFO 2026-08-07 12:29:22,778 django.utils.autoreload D:\college_placement_system\placement_project\companies\serializers.py changed, reloading.
INFO 2026-08-07 12:29:22,780 django.utils.autoreload D:\college_placement_system\placement_project\companies\serializers.py changed, reloading.
INFO 2026-08-07 12:29:23,396 django.utils.autoreload Watching for file changes with StatReloader
INFO 2026-08-07 12:29:23,400 django.utils.autoreload Watching for file changes with StatReloader
INFO 2026-08-07 12:35:01,552 django.utils.autoreload D:\college_placement_system\placement_project\companies\views.py changed, reloading.
INFO 2026-08-07 12:35:01,559 django.utils.autoreload D:\college_placement_system\placement_project\companies\views.py changed, reloading.
INFO 2026-08-07 12:35:01,571 django.utils.autoreload D:\college_placement_system\placement_project\companies\views.py changed, reloading.
INFO 2026-08-07 12:35:02,332 django.utils.autoreload Watching for file changes with StatReloader
INFO 2026-08-07 12:35:02,337 django.utils.autoreload Watching for file changes with StatReloader
INFO 2026-08-07 12:35:02,349 django.utils.autoreload Watching for file changes with StatReloader
INFO 2026-08-07 12:39:19,960 django.utils.autoreload Watching for file changes with StatReloader
INFO 2026-08-07 12:39:26,837 django.utils.autoreload D:\college_placement_system\placement_project\companies\urls.py changed, reloading.
INFO 2026-08-07 12:39:26,838 django.utils.autoreload D:\college_placement_system\placement_project\companies\urls.py changed, reloading.
INFO 2026-08-07 12:39:27,335 django.utils.autoreload D:\college_placement_system\placement_project\companies\urls.py changed, reloading.
INFO 2026-08-07 12:39:27,378 django.utils.autoreload Watching for file changes with StatReloader
INFO 2026-08-07 12:39:27,381 django.utils.autoreload Watching for file changes with StatReloader
INFO 2026-08-07 12:39:27,979 django.utils.autoreload Watching for file changes with StatReloader
INFO 2026-08-07 12:39:32,327 django.utils.autoreload D:\college_placement_system\placement_project\companies\views.py changed, reloading.
INFO 2026-08-07 12:39:32,848 django.utils.autoreload Watching for file changes with StatReloader
INFO 2026-08-07 12:39:32,896 django.utils.autoreload D:\college_placement_system\placement_project\companies\views.py changed, reloading.
INFO 2026-08-07 12:39:32,902 django.utils.autoreload D:\college_placement_system\placement_project\companies\views.py changed, reloading.
INFO 2026-08-07 12:39:33,527 django.utils.autoreload Watching for file changes with StatReloader
INFO 2026-08-07 12:39:33,528 django.utils.autoreload Watching for file changes with StatReloader
INFO 2026-08-07 12:39:37,993 django.utils.autoreload D:\college_placement_system\placement_project\companies\serializers.py changed, reloading.
INFO 2026-08-07 12:39:38,002 django.utils.autoreload D:\college_placement_system\placement_project\companies\serializers.py changed, reloading.
INFO 2026-08-07 12:39:38,283 django.utils.autoreload D:\college_placement_system\placement_project\companies\serializers.py changed, reloading.
INFO 2026-08-07 12:39:38,569 django.utils.autoreload Watching for file changes with StatReloader
INFO 2026-08-07 12:39:38,595 django.utils.autoreload Watching for file changes with StatReloader
INFO 2026-08-07 12:39:38,906 django.utils.autoreload Watching for file changes with StatReloader
WARNING 2026-08-07 13:22:55,849 django.request Bad Request: /accounts/api/register/
ERROR 2026-08-07 13:22:59,219 django.request Internal Server Error: /accounts/api/register/
Traceback (most recent call last):
  File "D:\college_placement_system\venv\Lib\site-packages\django\db\backends\utils.py", line 105, in _execute
    return self.cursor.execute(sql, params)
           ~~~~~~~~~~~~~~~~~~~^^^^^^^^^^^^^
  File "D:\college_placement_system\venv\Lib\site-packages\django\db\backends\mysql\base.py", line 78, in execute
    return self.cursor.execute(query, args)
           ~~~~~~~~~~~~~~~~~~~^^^^^^^^^^^^^
  File "D:\college_placement_system\venv\Lib\site-packages\pymysql\cursors.py", line 159, in execute
    result = self._query(query)
  File "D:\college_placement_system\venv\Lib\site-packages\pymysql\cursors.py", line 330, in _query
    conn.query(q)
    ~~~~~~~~~~^^^
  File "D:\college_placement_system\venv\Lib\site-packages\pymysql\connections.py", line 582, in query
    self._affected_rows = self._read_query_result(unbuffered=unbuffered)
                          ~~~~~~~~~~~~~~~~~~~~~~~^^^^^^^^^^^^^^^^^^^^^^^
  File "D:\college_placement_system\venv\Lib\site-packages\pymysql\connections.py", line 847, in _read_query_result
    result.read()
    ~~~~~~~~~~~^^
  File "D:\college_placement_system\venv\Lib\site-packages\pymysql\connections.py", line 1245, in read
    first_packet = self.connection._read_packet()
  File "D:\college_placement_system\venv\Lib\site-packages\pymysql\connections.py", line 803, in _read_packet
    packet.raise_for_error()
    ~~~~~~~~~~~~~~~~~~~~~~^^
  File "D:\college_placement_system\venv\Lib\site-packages\pymysql\protocol.py", line 219, in raise_for_error
    err.raise_mysql_exception(self._data)
    ~~~~~~~~~~~~~~~~~~~~~~~~~^^^^^^^^^^^^
  File "D:\college_placement_system\venv\Lib\site-packages\pymysql\err.py", line 154, in raise_mysql_exception
    raise errorclass(errno, errval, sqlstate=sqlstate)
pymysql.err.IntegrityError: (1062, "Duplicate entry 'Nitco' for key 'accounts_customuser.username'")

The above exception was the direct cause of the following exception:

Traceback (most recent call last):
  File "D:\college_placement_system\venv\Lib\site-packages\django\core\handlers\exception.py", line 55, in inner
    response = get_response(request)
  File "D:\college_placement_system\venv\Lib\site-packages\django\core\handlers\base.py", line 198, in _get_response
    response = wrapped_callback(request, *callback_args, **callback_kwargs)
  File "D:\college_placement_system\venv\Lib\site-packages\django\views\decorators\csrf.py", line 65, in _view_wrapper
    return view_func(request, *args, **kwargs)
  File "D:\college_placement_system\venv\Lib\site-packages\django\views\generic\base.py", line 106, in view
    return self.dispatch(request, *args, **kwargs)
           ~~~~~~~~~~~~~^^^^^^^^^^^^^^^^^^^^^^^^^^
  File "D:\college_placement_system\venv\Lib\site-packages\rest_framework\views.py", line 515, in dispatch
    response = self.handle_exception(exc)
  File "D:\college_placement_system\venv\Lib\site-packages\rest_framework\views.py", line 475, in handle_exception
    self.raise_uncaught_exception(exc)
    ~~~~~~~~~~~~~~~~~~~~~~~~~~~~~^^^^^
  File "D:\college_placement_system\venv\Lib\site-packages\rest_framework\views.py", line 486, in raise_uncaught_exception
    raise exc
  File "D:\college_placement_system\venv\Lib\site-packages\rest_framework\views.py", line 512, in dispatch
    response = handler(request, *args, **kwargs)
  File "D:\college_placement_system\venv\Lib\site-packages\rest_framework\generics.py", line 194, in post
    return self.create(request, *args, **kwargs)
           ~~~~~~~~~~~^^^^^^^^^^^^^^^^^^^^^^^^^^
  File "D:\college_placement_system\venv\Lib\site-packages\rest_framework\mixins.py", line 19, in create
    self.perform_create(serializer)
    ~~~~~~~~~~~~~~~~~~~^^^^^^^^^^^^
  File "D:\college_placement_system\venv\Lib\site-packages\rest_framework\mixins.py", line 24, in perform_create
    serializer.save()
    ~~~~~~~~~~~~~~~^^
  File "D:\college_placement_system\venv\Lib\site-packages\rest_framework\serializers.py", line 210, in save
    self.instance = self.create(validated_data)
                    ~~~~~~~~~~~^^^^^^^^^^^^^^^^
  File "D:\college_placement_system\placement_project\accounts\serializers.py", line 60, in create
    user.save()
    ~~~~~~~~~^^
  File "D:\college_placement_system\venv\Lib\site-packages\django\contrib\auth\base_user.py", line 62, in save
    super().save(**kwargs)
    ~~~~~~~~~~~~^^^^^^^^^^
  File "D:\college_placement_system\venv\Lib\site-packages\django\db\models\base.py", line 874, in save
    self.save_base(
    ~~~~~~~~~~~~~~^
        using=using,
        ^^^^^^^^^^^^
    ...<2 lines>...
        update_fields=update_fields,
        ^^^^^^^^^^^^^^^^^^^^^^^^^^^^
    )
    ^
  File "D:\college_placement_system\venv\Lib\site-packages\django\db\models\base.py", line 966, in save_base
    updated = self._save_table(
        raw,
    ...<4 lines>...
        update_fields,
    )
  File "D:\college_placement_system\venv\Lib\site-packages\django\db\models\base.py", line 1169, in _save_table
    results = self._do_insert(
        cls._base_manager, using, insert_fields, returning_fields, raw
    )
  File "D:\college_placement_system\venv\Lib\site-packages\django\db\models\base.py", line 1220, in _do_insert
    return manager._insert(
           ~~~~~~~~~~~~~~~^
        [self],
        ^^^^^^^
    ...<3 lines>...
        raw=raw,
        ^^^^^^^^
    )
    ^
  File "D:\college_placement_system\venv\Lib\site-packages\django\db\models\manager.py", line 87, in manager_method
    return getattr(self.get_queryset(), name)(*args, **kwargs)
           ~~~~~~~~~~~~~~~~~~~~~~~~~~~~~~~~~~^^^^^^^^^^^^^^^^^
  File "D:\college_placement_system\venv\Lib\site-packages\django\db\models\query.py", line 1918, in _insert
    return query.get_compiler(using=using).execute_sql(returning_fields)
           ~~~~~~~~~~~~~~~~~~~~~~~~~~~~~~~~~~~~~~~~~~~^^^^^^^^^^^^^^^^^^
  File "D:\college_placement_system\venv\Lib\site-packages\django\db\models\sql\compiler.py", line 1925, in execute_sql
    cursor.execute(sql, params)
    ~~~~~~~~~~~~~~^^^^^^^^^^^^^
  File "D:\college_placement_system\venv\Lib\site-packages\django\db\backends\utils.py", line 122, in execute
    return super().execute(sql, params)
           ~~~~~~~~~~~~~~~^^^^^^^^^^^^^
  File "D:\college_placement_system\venv\Lib\site-packages\django\db\backends\utils.py", line 79, in execute
    return self._execute_with_wrappers(
           ~~~~~~~~~~~~~~~~~~~~~~~~~~~^
        sql, params, many=False, executor=self._execute
        ^^^^^^^^^^^^^^^^^^^^^^^^^^^^^^^^^^^^^^^^^^^^^^^
    )
    ^
  File "D:\college_placement_system\venv\Lib\site-packages\django\db\backends\utils.py", line 92, in _execute_with_wrappers
    return executor(sql, params, many, context)
  File "D:\college_placement_system\venv\Lib\site-packages\django\db\backends\utils.py", line 100, in _execute
    with self.db.wrap_database_errors:
         ^^^^^^^^^^^^^^^^^^^^^^^^^^^^
  File "D:\college_placement_system\venv\Lib\site-packages\django\db\utils.py", line 94, in __exit__
    raise dj_exc_value.with_traceback(traceback) from exc_value
  File "D:\college_placement_system\venv\Lib\site-packages\django\db\backends\utils.py", line 105, in _execute
    return self.cursor.execute(sql, params)
           ~~~~~~~~~~~~~~~~~~~^^^^^^^^^^^^^
  File "D:\college_placement_system\venv\Lib\site-packages\django\db\backends\mysql\base.py", line 78, in execute
    return self.cursor.execute(query, args)
           ~~~~~~~~~~~~~~~~~~~^^^^^^^^^^^^^
  File "D:\college_placement_system\venv\Lib\site-packages\pymysql\cursors.py", line 159, in execute
    result = self._query(query)
  File "D:\college_placement_system\venv\Lib\site-packages\pymysql\cursors.py", line 330, in _query
    conn.query(q)
    ~~~~~~~~~~^^^
  File "D:\college_placement_system\venv\Lib\site-packages\pymysql\connections.py", line 582, in query
    self._affected_rows = self._read_query_result(unbuffered=unbuffered)
                          ~~~~~~~~~~~~~~~~~~~~~~~^^^^^^^^^^^^^^^^^^^^^^^
  File "D:\college_placement_system\venv\Lib\site-packages\pymysql\connections.py", line 847, in _read_query_result
    result.read()
    ~~~~~~~~~~~^^
  File "D:\college_placement_system\venv\Lib\site-packages\pymysql\connections.py", line 1245, in read
    first_packet = self.connection._read_packet()
  File "D:\college_placement_system\venv\Lib\site-packages\pymysql\connections.py", line 803, in _read_packet
    packet.raise_for_error()
    ~~~~~~~~~~~~~~~~~~~~~~^^
  File "D:\college_placement_system\venv\Lib\site-packages\pymysql\protocol.py", line 219, in raise_for_error
    err.raise_mysql_exception(self._data)
    ~~~~~~~~~~~~~~~~~~~~~~~~~^^^^^^^^^^^^
  File "D:\college_placement_system\venv\Lib\site-packages\pymysql\err.py", line 154, in raise_mysql_exception
    raise errorclass(errno, errval, sqlstate=sqlstate)
django.db.utils.IntegrityError: (1062, "Duplicate entry 'Nitco' for key 'accounts_customuser.username'")
ERROR 2026-08-07 13:28:21,860 django.request Internal Server Error: /companies/api/create/
Traceback (most recent call last):
  File "D:\college_placement_system\venv\Lib\site-packages\django\db\backends\utils.py", line 105, in _execute
    return self.cursor.execute(sql, params)
           ~~~~~~~~~~~~~~~~~~~^^^^^^^^^^^^^
  File "D:\college_placement_system\venv\Lib\site-packages\django\db\backends\mysql\base.py", line 78, in execute
    return self.cursor.execute(query, args)
           ~~~~~~~~~~~~~~~~~~~^^^^^^^^^^^^^
  File "D:\college_placement_system\venv\Lib\site-packages\pymysql\cursors.py", line 159, in execute
    result = self._query(query)
  File "D:\college_placement_system\venv\Lib\site-packages\pymysql\cursors.py", line 330, in _query
    conn.query(q)
    ~~~~~~~~~~^^^
  File "D:\college_placement_system\venv\Lib\site-packages\pymysql\connections.py", line 582, in query
    self._affected_rows = self._read_query_result(unbuffered=unbuffered)
                          ~~~~~~~~~~~~~~~~~~~~~~~^^^^^^^^^^^^^^^^^^^^^^^
  File "D:\college_placement_system\venv\Lib\site-packages\pymysql\connections.py", line 847, in _read_query_result
    result.read()
    ~~~~~~~~~~~^^
  File "D:\college_placement_system\venv\Lib\site-packages\pymysql\connections.py", line 1245, in read
    first_packet = self.connection._read_packet()
  File "D:\college_placement_system\venv\Lib\site-packages\pymysql\connections.py", line 803, in _read_packet
    packet.raise_for_error()
    ~~~~~~~~~~~~~~~~~~~~~~^^
  File "D:\college_placement_system\venv\Lib\site-packages\pymysql\protocol.py", line 219, in raise_for_error
    err.raise_mysql_exception(self._data)
    ~~~~~~~~~~~~~~~~~~~~~~~~~^^^^^^^^^^^^
  File "D:\college_placement_system\venv\Lib\site-packages\pymysql\err.py", line 154, in raise_mysql_exception
    raise errorclass(errno, errval, sqlstate=sqlstate)
pymysql.err.IntegrityError: (1062, "Duplicate entry 'nitco@gmail.com' for key 'companies_companyprofile.company_email'")

The above exception was the direct cause of the following exception:

Traceback (most recent call last):
  File "D:\college_placement_system\venv\Lib\site-packages\django\core\handlers\exception.py", line 55, in inner
    response = get_response(request)
  File "D:\college_placement_system\venv\Lib\site-packages\django\core\handlers\base.py", line 198, in _get_response
    response = wrapped_callback(request, *callback_args, **callback_kwargs)
  File "D:\college_placement_system\venv\Lib\site-packages\django\views\decorators\csrf.py", line 65, in _view_wrapper
    return view_func(request, *args, **kwargs)
  File "D:\college_placement_system\venv\Lib\site-packages\django\views\generic\base.py", line 106, in view
    return self.dispatch(request, *args, **kwargs)
           ~~~~~~~~~~~~~^^^^^^^^^^^^^^^^^^^^^^^^^^
  File "D:\college_placement_system\venv\Lib\site-packages\rest_framework\views.py", line 515, in dispatch
    response = self.handle_exception(exc)
  File "D:\college_placement_system\venv\Lib\site-packages\rest_framework\views.py", line 475, in handle_exception
    self.raise_uncaught_exception(exc)
    ~~~~~~~~~~~~~~~~~~~~~~~~~~~~~^^^^^
  File "D:\college_placement_system\venv\Lib\site-packages\rest_framework\views.py", line 486, in raise_uncaught_exception
    raise exc
  File "D:\college_placement_system\venv\Lib\site-packages\rest_framework\views.py", line 512, in dispatch
    response = handler(request, *args, **kwargs)
  File "D:\college_placement_system\venv\Lib\site-packages\rest_framework\generics.py", line 194, in post
    return self.create(request, *args, **kwargs)
           ~~~~~~~~~~~^^^^^^^^^^^^^^^^^^^^^^^^^^
  File "D:\college_placement_system\venv\Lib\site-packages\rest_framework\mixins.py", line 19, in create
    self.perform_create(serializer)
    ~~~~~~~~~~~~~~~~~~~^^^^^^^^^^^^
  File "D:\college_placement_system\placement_project\companies\views.py", line 66, in perform_create
    serializer.save(user=self.request.user)
    ~~~~~~~~~~~~~~~^^^^^^^^^^^^^^^^^^^^^^^^
  File "D:\college_placement_system\venv\Lib\site-packages\rest_framework\serializers.py", line 210, in save
    self.instance = self.create(validated_data)
                    ~~~~~~~~~~~^^^^^^^^^^^^^^^^
  File "D:\college_placement_system\venv\Lib\site-packages\rest_framework\serializers.py", line 1011, in create
    instance = ModelClass._default_manager.create(**validated_data)
  File "D:\college_placement_system\venv\Lib\site-packages\django\db\models\manager.py", line 87, in manager_method
    return getattr(self.get_queryset(), name)(*args, **kwargs)
           ~~~~~~~~~~~~~~~~~~~~~~~~~~~~~~~~~~^^^^^^^^^^^^^^^^^
  File "D:\college_placement_system\venv\Lib\site-packages\django\db\models\query.py", line 669, in create
    obj.save(force_insert=True, using=self.db)
    ~~~~~~~~^^^^^^^^^^^^^^^^^^^^^^^^^^^^^^^^^^
  File "D:\college_placement_system\venv\Lib\site-packages\django\db\models\base.py", line 874, in save
    self.save_base(
    ~~~~~~~~~~~~~~^
        using=using,
        ^^^^^^^^^^^^
    ...<2 lines>...
        update_fields=update_fields,
        ^^^^^^^^^^^^^^^^^^^^^^^^^^^^
    )
    ^
  File "D:\college_placement_system\venv\Lib\site-packages\django\db\models\base.py", line 966, in save_base
    updated = self._save_table(
        raw,
    ...<4 lines>...
        update_fields,
    )
  File "D:\college_placement_system\venv\Lib\site-packages\django\db\models\base.py", line 1169, in _save_table
    results = self._do_insert(
        cls._base_manager, using, insert_fields, returning_fields, raw
    )
  File "D:\college_placement_system\venv\Lib\site-packages\django\db\models\base.py", line 1220, in _do_insert
    return manager._insert(
           ~~~~~~~~~~~~~~~^
        [self],
        ^^^^^^^
    ...<3 lines>...
        raw=raw,
        ^^^^^^^^
    )
    ^
  File "D:\college_placement_system\venv\Lib\site-packages\django\db\models\manager.py", line 87, in manager_method
    return getattr(self.get_queryset(), name)(*args, **kwargs)
           ~~~~~~~~~~~~~~~~~~~~~~~~~~~~~~~~~~^^^^^^^^^^^^^^^^^
  File "D:\college_placement_system\venv\Lib\site-packages\django\db\models\query.py", line 1918, in _insert
    return query.get_compiler(using=using).execute_sql(returning_fields)
           ~~~~~~~~~~~~~~~~~~~~~~~~~~~~~~~~~~~~~~~~~~~^^^^^^^^^^^^^^^^^^
  File "D:\college_placement_system\venv\Lib\site-packages\django\db\models\sql\compiler.py", line 1925, in execute_sql
    cursor.execute(sql, params)
    ~~~~~~~~~~~~~~^^^^^^^^^^^^^
  File "D:\college_placement_system\venv\Lib\site-packages\django\db\backends\utils.py", line 122, in execute
    return super().execute(sql, params)
           ~~~~~~~~~~~~~~~^^^^^^^^^^^^^
  File "D:\college_placement_system\venv\Lib\site-packages\django\db\backends\utils.py", line 79, in execute
    return self._execute_with_wrappers(
           ~~~~~~~~~~~~~~~~~~~~~~~~~~~^
        sql, params, many=False, executor=self._execute
        ^^^^^^^^^^^^^^^^^^^^^^^^^^^^^^^^^^^^^^^^^^^^^^^
    )
    ^
  File "D:\college_placement_system\venv\Lib\site-packages\django\db\backends\utils.py", line 92, in _execute_with_wrappers
    return executor(sql, params, many, context)
  File "D:\college_placement_system\venv\Lib\site-packages\django\db\backends\utils.py", line 100, in _execute
    with self.db.wrap_database_errors:
         ^^^^^^^^^^^^^^^^^^^^^^^^^^^^
  File "D:\college_placement_system\venv\Lib\site-packages\django\db\utils.py", line 94, in __exit__
    raise dj_exc_value.with_traceback(traceback) from exc_value
  File "D:\college_placement_system\venv\Lib\site-packages\django\db\backends\utils.py", line 105, in _execute
    return self.cursor.execute(sql, params)
           ~~~~~~~~~~~~~~~~~~~^^^^^^^^^^^^^
  File "D:\college_placement_system\venv\Lib\site-packages\django\db\backends\mysql\base.py", line 78, in execute
    return self.cursor.execute(query, args)
           ~~~~~~~~~~~~~~~~~~~^^^^^^^^^^^^^
  File "D:\college_placement_system\venv\Lib\site-packages\pymysql\cursors.py", line 159, in execute
    result = self._query(query)
  File "D:\college_placement_system\venv\Lib\site-packages\pymysql\cursors.py", line 330, in _query
    conn.query(q)
    ~~~~~~~~~~^^^
  File "D:\college_placement_system\venv\Lib\site-packages\pymysql\connections.py", line 582, in query
    self._affected_rows = self._read_query_result(unbuffered=unbuffered)
                          ~~~~~~~~~~~~~~~~~~~~~~~^^^^^^^^^^^^^^^^^^^^^^^
  File "D:\college_placement_system\venv\Lib\site-packages\pymysql\connections.py", line 847, in _read_query_result
    result.read()
    ~~~~~~~~~~~^^
  File "D:\college_placement_system\venv\Lib\site-packages\pymysql\connections.py", line 1245, in read
    first_packet = self.connection._read_packet()
  File "D:\college_placement_system\venv\Lib\site-packages\pymysql\connections.py", line 803, in _read_packet
    packet.raise_for_error()
    ~~~~~~~~~~~~~~~~~~~~~~^^
  File "D:\college_placement_system\venv\Lib\site-packages\pymysql\protocol.py", line 219, in raise_for_error
    err.raise_mysql_exception(self._data)
    ~~~~~~~~~~~~~~~~~~~~~~~~~^^^^^^^^^^^^
  File "D:\college_placement_system\venv\Lib\site-packages\pymysql\err.py", line 154, in raise_mysql_exception
    raise errorclass(errno, errval, sqlstate=sqlstate)
django.db.utils.IntegrityError: (1062, "Duplicate entry 'nitco@gmail.com' for key 'companies_companyprofile.company_email'")
ERROR 2026-08-07 13:28:21,860 django.request Internal Server Error: /companies/api/create/
Traceback (most recent call last):
  File "D:\college_placement_system\venv\Lib\site-packages\django\db\backends\utils.py", line 105, in _execute
    return self.cursor.execute(sql, params)
           ~~~~~~~~~~~~~~~~~~~^^^^^^^^^^^^^
  File "D:\college_placement_system\venv\Lib\site-packages\django\db\backends\mysql\base.py", line 78, in execute
    return self.cursor.execute(query, args)
           ~~~~~~~~~~~~~~~~~~~^^^^^^^^^^^^^
  File "D:\college_placement_system\venv\Lib\site-packages\pymysql\cursors.py", line 159, in execute
    result = self._query(query)
  File "D:\college_placement_system\venv\Lib\site-packages\pymysql\cursors.py", line 330, in _query
    conn.query(q)
    ~~~~~~~~~~^^^
  File "D:\college_placement_system\venv\Lib\site-packages\pymysql\connections.py", line 582, in query
    self._affected_rows = self._read_query_result(unbuffered=unbuffered)
                          ~~~~~~~~~~~~~~~~~~~~~~~^^^^^^^^^^^^^^^^^^^^^^^
  File "D:\college_placement_system\venv\Lib\site-packages\pymysql\connections.py", line 847, in _read_query_result
    result.read()
    ~~~~~~~~~~~^^
  File "D:\college_placement_system\venv\Lib\site-packages\pymysql\connections.py", line 1245, in read
    first_packet = self.connection._read_packet()
  File "D:\college_placement_system\venv\Lib\site-packages\pymysql\connections.py", line 803, in _read_packet
    packet.raise_for_error()
    ~~~~~~~~~~~~~~~~~~~~~~^^
  File "D:\college_placement_system\venv\Lib\site-packages\pymysql\protocol.py", line 219, in raise_for_error
    err.raise_mysql_exception(self._data)
    ~~~~~~~~~~~~~~~~~~~~~~~~~^^^^^^^^^^^^
  File "D:\college_placement_system\venv\Lib\site-packages\pymysql\err.py", line 154, in raise_mysql_exception
    raise errorclass(errno, errval, sqlstate=sqlstate)
pymysql.err.IntegrityError: (1062, "Duplicate entry 'nitco@gmail.com' for key 'companies_companyprofile.company_email'")

The above exception was the direct cause of the following exception:

Traceback (most recent call last):
  File "D:\college_placement_system\venv\Lib\site-packages\django\core\handlers\exception.py", line 55, in inner
    response = get_response(request)
  File "D:\college_placement_system\venv\Lib\site-packages\django\core\handlers\base.py", line 198, in _get_response
    response = wrapped_callback(request, *callback_args, **callback_kwargs)
  File "D:\college_placement_system\venv\Lib\site-packages\django\views\decorators\csrf.py", line 65, in _view_wrapper
    return view_func(request, *args, **kwargs)
  File "D:\college_placement_system\venv\Lib\site-packages\django\views\generic\base.py", line 106, in view
    return self.dispatch(request, *args, **kwargs)
           ~~~~~~~~~~~~~^^^^^^^^^^^^^^^^^^^^^^^^^^
  File "D:\college_placement_system\venv\Lib\site-packages\rest_framework\views.py", line 515, in dispatch
    response = self.handle_exception(exc)
  File "D:\college_placement_system\venv\Lib\site-packages\rest_framework\views.py", line 475, in handle_exception
    self.raise_uncaught_exception(exc)
    ~~~~~~~~~~~~~~~~~~~~~~~~~~~~~^^^^^
  File "D:\college_placement_system\venv\Lib\site-packages\rest_framework\views.py", line 486, in raise_uncaught_exception
    raise exc
  File "D:\college_placement_system\venv\Lib\site-packages\rest_framework\views.py", line 512, in dispatch
    response = handler(request, *args, **kwargs)
  File "D:\college_placement_system\venv\Lib\site-packages\rest_framework\generics.py", line 194, in post
    return self.create(request, *args, **kwargs)
           ~~~~~~~~~~~^^^^^^^^^^^^^^^^^^^^^^^^^^
  File "D:\college_placement_system\venv\Lib\site-packages\rest_framework\mixins.py", line 19, in create
    self.perform_create(serializer)
    ~~~~~~~~~~~~~~~~~~~^^^^^^^^^^^^
  File "D:\college_placement_system\placement_project\companies\views.py", line 66, in perform_create
    serializer.save(user=self.request.user)
    ~~~~~~~~~~~~~~~^^^^^^^^^^^^^^^^^^^^^^^^
  File "D:\college_placement_system\venv\Lib\site-packages\rest_framework\serializers.py", line 210, in save
    self.instance = self.create(validated_data)
                    ~~~~~~~~~~~^^^^^^^^^^^^^^^^
  File "D:\college_placement_system\venv\Lib\site-packages\rest_framework\serializers.py", line 1011, in create
    instance = ModelClass._default_manager.create(**validated_data)
  File "D:\college_placement_system\venv\Lib\site-packages\django\db\models\manager.py", line 87, in manager_method
    return getattr(self.get_queryset(), name)(*args, **kwargs)
           ~~~~~~~~~~~~~~~~~~~~~~~~~~~~~~~~~~^^^^^^^^^^^^^^^^^
  File "D:\college_placement_system\venv\Lib\site-packages\django\db\models\query.py", line 669, in create
    obj.save(force_insert=True, using=self.db)
    ~~~~~~~~^^^^^^^^^^^^^^^^^^^^^^^^^^^^^^^^^^
  File "D:\college_placement_system\venv\Lib\site-packages\django\db\models\base.py", line 874, in save
    self.save_base(
    ~~~~~~~~~~~~~~^
        using=using,
        ^^^^^^^^^^^^
    ...<2 lines>...
        update_fields=update_fields,
        ^^^^^^^^^^^^^^^^^^^^^^^^^^^^
    )
    ^
  File "D:\college_placement_system\venv\Lib\site-packages\django\db\models\base.py", line 966, in save_base
    updated = self._save_table(
        raw,
    ...<4 lines>...
        update_fields,
    )
  File "D:\college_placement_system\venv\Lib\site-packages\django\db\models\base.py", line 1169, in _save_table
    results = self._do_insert(
        cls._base_manager, using, insert_fields, returning_fields, raw
    )
  File "D:\college_placement_system\venv\Lib\site-packages\django\db\models\base.py", line 1220, in _do_insert
    return manager._insert(
           ~~~~~~~~~~~~~~~^
        [self],
        ^^^^^^^
    ...<3 lines>...
        raw=raw,
        ^^^^^^^^
    )
    ^
  File "D:\college_placement_system\venv\Lib\site-packages\django\db\models\manager.py", line 87, in manager_method
    return getattr(self.get_queryset(), name)(*args, **kwargs)
           ~~~~~~~~~~~~~~~~~~~~~~~~~~~~~~~~~~^^^^^^^^^^^^^^^^^
  File "D:\college_placement_system\venv\Lib\site-packages\django\db\models\query.py", line 1918, in _insert
    return query.get_compiler(using=using).execute_sql(returning_fields)
           ~~~~~~~~~~~~~~~~~~~~~~~~~~~~~~~~~~~~~~~~~~~^^^^^^^^^^^^^^^^^^
  File "D:\college_placement_system\venv\Lib\site-packages\django\db\models\sql\compiler.py", line 1925, in execute_sql
    cursor.execute(sql, params)
    ~~~~~~~~~~~~~~^^^^^^^^^^^^^
  File "D:\college_placement_system\venv\Lib\site-packages\django\db\backends\utils.py", line 122, in execute
    return super().execute(sql, params)
           ~~~~~~~~~~~~~~~^^^^^^^^^^^^^
  File "D:\college_placement_system\venv\Lib\site-packages\django\db\backends\utils.py", line 79, in execute
    return self._execute_with_wrappers(
           ~~~~~~~~~~~~~~~~~~~~~~~~~~~^
        sql, params, many=False, executor=self._execute
        ^^^^^^^^^^^^^^^^^^^^^^^^^^^^^^^^^^^^^^^^^^^^^^^
    )
    ^
  File "D:\college_placement_system\venv\Lib\site-packages\django\db\backends\utils.py", line 92, in _execute_with_wrappers
    return executor(sql, params, many, context)
  File "D:\college_placement_system\venv\Lib\site-packages\django\db\backends\utils.py", line 100, in _execute
    with self.db.wrap_database_errors:
         ^^^^^^^^^^^^^^^^^^^^^^^^^^^^
  File "D:\college_placement_system\venv\Lib\site-packages\django\db\utils.py", line 94, in __exit__
    raise dj_exc_value.with_traceback(traceback) from exc_value
  File "D:\college_placement_system\venv\Lib\site-packages\django\db\backends\utils.py", line 105, in _execute
    return self.cursor.execute(sql, params)
           ~~~~~~~~~~~~~~~~~~~^^^^^^^^^^^^^
  File "D:\college_placement_system\venv\Lib\site-packages\django\db\backends\mysql\base.py", line 78, in execute
    return self.cursor.execute(query, args)
           ~~~~~~~~~~~~~~~~~~~^^^^^^^^^^^^^
  File "D:\college_placement_system\venv\Lib\site-packages\pymysql\cursors.py", line 159, in execute
    result = self._query(query)
  File "D:\college_placement_system\venv\Lib\site-packages\pymysql\cursors.py", line 330, in _query
    conn.query(q)
    ~~~~~~~~~~^^^
  File "D:\college_placement_system\venv\Lib\site-packages\pymysql\connections.py", line 582, in query
    self._affected_rows = self._read_query_result(unbuffered=unbuffered)
                          ~~~~~~~~~~~~~~~~~~~~~~~^^^^^^^^^^^^^^^^^^^^^^^
  File "D:\college_placement_system\venv\Lib\site-packages\pymysql\connections.py", line 847, in _read_query_result
    result.read()
    ~~~~~~~~~~~^^
  File "D:\college_placement_system\venv\Lib\site-packages\pymysql\connections.py", line 1245, in read
    first_packet = self.connection._read_packet()
  File "D:\college_placement_system\venv\Lib\site-packages\pymysql\connections.py", line 803, in _read_packet
    packet.raise_for_error()
    ~~~~~~~~~~~~~~~~~~~~~~^^
  File "D:\college_placement_system\venv\Lib\site-packages\pymysql\protocol.py", line 219, in raise_for_error
    err.raise_mysql_exception(self._data)
    ~~~~~~~~~~~~~~~~~~~~~~~~~^^^^^^^^^^^^
  File "D:\college_placement_system\venv\Lib\site-packages\pymysql\err.py", line 154, in raise_mysql_exception
    raise errorclass(errno, errval, sqlstate=sqlstate)
django.db.utils.IntegrityError: (1062, "Duplicate entry 'nitco@gmail.com' for key 'companies_companyprofile.company_email'")
INFO 2026-08-07 13:33:02,110 django.utils.autoreload D:\college_placement_system\placement_project\companies\views.py changed, reloading.
INFO 2026-08-07 13:33:02,761 django.utils.autoreload D:\college_placement_system\placement_project\companies\views.py changed, reloading.
INFO 2026-08-07 13:33:02,764 django.utils.autoreload D:\college_placement_system\placement_project\companies\views.py changed, reloading.
INFO 2026-08-07 13:33:03,132 django.utils.autoreload Watching for file changes with StatReloader
INFO 2026-08-07 13:33:03,666 django.utils.autoreload Watching for file changes with StatReloader
INFO 2026-08-07 13:33:03,698 django.utils.autoreload Watching for file changes with StatReloader
INFO 2026-08-07 13:42:58,313 django.utils.autoreload D:\college_placement_system\placement_project\placement_officer\serializers.py changed, reloading.
INFO 2026-08-07 13:42:58,314 django.utils.autoreload D:\college_placement_system\placement_project\placement_officer\serializers.py changed, reloading.
INFO 2026-08-07 13:42:58,325 django.utils.autoreload D:\college_placement_system\placement_project\placement_officer\serializers.py changed, reloading.
INFO 2026-08-07 13:42:59,202 django.utils.autoreload Watching for file changes with StatReloader
INFO 2026-08-07 13:42:59,206 django.utils.autoreload Watching for file changes with StatReloader
INFO 2026-08-07 13:44:02,488 django.utils.autoreload D:\college_placement_system\placement_project\placement_officer\views.py changed, reloading.
INFO 2026-08-07 13:44:02,488 django.utils.autoreload D:\college_placement_system\placement_project\placement_officer\views.py changed, reloading.
INFO 2026-08-07 13:44:02,490 django.utils.autoreload D:\college_placement_system\placement_project\placement_officer\views.py changed, reloading.
INFO 2026-08-07 13:44:03,359 django.utils.autoreload Watching for file changes with StatReloader
INFO 2026-08-07 13:44:03,369 django.utils.autoreload Watching for file changes with StatReloader
INFO 2026-08-07 13:44:03,382 django.utils.autoreload Watching for file changes with StatReloader
INFO 2026-08-07 13:46:47,143 django.utils.autoreload D:\college_placement_system\placement_project\placement_officer\views.py changed, reloading.
INFO 2026-08-07 13:46:47,144 django.utils.autoreload D:\college_placement_system\placement_project\placement_officer\views.py changed, reloading.
INFO 2026-08-07 13:46:47,154 django.utils.autoreload D:\college_placement_system\placement_project\placement_officer\views.py changed, reloading.
INFO 2026-08-07 13:46:47,883 django.utils.autoreload Watching for file changes with StatReloader
INFO 2026-08-07 13:46:47,968 django.utils.autoreload Watching for file changes with StatReloader
INFO 2026-08-07 13:46:47,983 django.utils.autoreload Watching for file changes with StatReloader
INFO 2026-08-07 13:49:32,487 django.utils.autoreload D:\college_placement_system\placement_project\placement_officer\urls.py changed, reloading.
INFO 2026-08-07 13:49:32,487 django.utils.autoreload D:\college_placement_system\placement_project\placement_officer\urls.py changed, reloading.
INFO 2026-08-07 13:49:32,488 django.utils.autoreload D:\college_placement_system\placement_project\placement_officer\urls.py changed, reloading.
INFO 2026-08-07 13:49:33,289 django.utils.autoreload Watching for file changes with StatReloader
INFO 2026-08-07 13:49:33,295 django.utils.autoreload Watching for file changes with StatReloader
INFO 2026-08-07 13:49:33,321 django.utils.autoreload Watching for file changes with StatReloader
INFO 2026-08-07 13:49:45,246 django.utils.autoreload Watching for file changes with StatReloader
INFO 2026-08-07 14:09:54,670 django.utils.autoreload Watching for file changes with StatReloader
WARNING 2026-08-07 15:40:22,081 django.request Bad Request: /accounts/api/login/
WARNING 2026-08-07 15:40:38,187 django.request Bad Request: /accounts/api/login/
WARNING 2026-08-07 15:40:57,060 django.request Bad Request: /accounts/api/login/
WARNING 2026-08-07 19:41:34,799 django.request Bad Request: /accounts/api/login/
WARNING 2026-08-07 19:41:48,707 django.request Bad Request: /accounts/api/login/
WARNING 2026-08-07 19:42:02,817 django.request Bad Request: /accounts/api/login/
WARNING 2026-08-07 19:42:46,273 django.request Bad Request: /accounts/api/login/
WARNING 2026-08-07 19:48:09,436 django.request Bad Request: /accounts/api/login/
WARNING 2026-08-07 19:51:24,003 django.request Not Found: /jobs/api/create/
WARNING 2026-08-07 19:51:43,109 django.request Not Found: /jobs/api/create/
WARNING 2026-08-07 19:52:53,808 django.request Not Found: /jobs/api/create/
INFO 2026-08-07 19:57:15,091 django.utils.autoreload D:\college_placement_system\placement_project\placement_project\urls.py changed, reloading.
INFO 2026-08-07 19:57:15,543 django.utils.autoreload D:\college_placement_system\placement_project\placement_project\urls.py changed, reloading.
INFO 2026-08-07 19:57:26,217 django.utils.autoreload Watching for file changes with StatReloader
INFO 2026-08-07 19:57:26,218 django.utils.autoreload Watching for file changes with StatReloader
INFO 2026-08-07 19:57:26,770 django.utils.autoreload Watching for file changes with StatReloader
WARNING 2026-08-07 19:57:36,331 django.request Unauthorized: /jobs/api/create/
WARNING 2026-08-07 20:00:12,309 django.request Bad Request: /jobs/api/create/
INFO 2026-08-07 20:03:00,978 django.utils.autoreload D:\college_placement_system\placement_project\jobs\serializers.py changed, reloading.
INFO 2026-08-07 20:03:00,981 django.utils.autoreload D:\college_placement_system\placement_project\jobs\serializers.py changed, reloading.
INFO 2026-08-07 20:03:00,983 django.utils.autoreload D:\college_placement_system\placement_project\jobs\serializers.py changed, reloading.
INFO 2026-08-07 20:03:01,952 django.utils.autoreload Watching for file changes with StatReloader
INFO 2026-08-07 20:03:01,956 django.utils.autoreload Watching for file changes with StatReloader
INFO 2026-08-07 20:03:01,969 django.utils.autoreload Watching for file changes with StatReloader
WARNING 2026-08-07 20:03:46,406 django.request Unauthorized: /jobs/api/create/
INFO 2026-08-07 20:06:15,527 jobs.views Job 'python developer' created by user 'Nitco'
WARNING 2026-08-07 20:14:15,524 django.request Unauthorized: /jobs/api/
WARNING 2026-08-07 20:14:15,530 django.request Unauthorized: /jobs/api/
INFO 2026-08-07 20:18:58,630 django.utils.autoreload D:\college_placement_system\placement_project\jobs\views.py changed, reloading.
INFO 2026-08-07 20:18:58,634 django.utils.autoreload D:\college_placement_system\placement_project\jobs\views.py changed, reloading.
INFO 2026-08-07 20:18:58,634 django.utils.autoreload D:\college_placement_system\placement_project\jobs\views.py changed, reloading.
INFO 2026-08-07 20:18:59,405 django.utils.autoreload Watching for file changes with StatReloader
INFO 2026-08-07 20:18:59,409 django.utils.autoreload Watching for file changes with StatReloader
INFO 2026-08-07 20:18:59,429 django.utils.autoreload Watching for file changes with StatReloader
INFO 2026-08-07 20:19:33,429 django.utils.autoreload D:\college_placement_system\placement_project\jobs\views.py changed, reloading.
INFO 2026-08-07 20:19:33,437 django.utils.autoreload D:\college_placement_system\placement_project\jobs\views.py changed, reloading.
INFO 2026-08-07 20:19:34,117 django.utils.autoreload Watching for file changes with StatReloader
INFO 2026-08-07 20:19:34,176 django.utils.autoreload Watching for file changes with StatReloader
INFO 2026-08-07 20:19:34,202 django.utils.autoreload Watching for file changes with StatReloader
WARNING 2026-08-07 20:37:21,864 django.request Unauthorized: /jobs/api/
WARNING 2026-08-07 20:37:21,868 django.request Unauthorized: /jobs/api/
INFO 2026-08-07 21:18:00,627 django.utils.autoreload D:\college_placement_system\placement_project\jobs\views.py changed, reloading.
INFO 2026-08-07 21:18:00,635 django.utils.autoreload D:\college_placement_system\placement_project\jobs\views.py changed, reloading.
INFO 2026-08-07 21:18:00,647 django.utils.autoreload D:\college_placement_system\placement_project\jobs\views.py changed, reloading.
INFO 2026-08-07 21:18:01,969 django.utils.autoreload Watching for file changes with StatReloader
INFO 2026-08-07 21:18:02,023 django.utils.autoreload Watching for file changes with StatReloader
INFO 2026-08-07 21:18:02,039 django.utils.autoreload Watching for file changes with StatReloader
WARNING 2026-08-07 21:27:11,527 django.request Unauthorized: /jobs/api/
WARNING 2026-08-07 22:20:08,686 django.request Unauthorized: /jobs/api/
WARNING 2026-08-07 22:20:08,689 django.request Unauthorized: /jobs/api/
WARNING 2026-08-07 23:28:09,824 django.request Unauthorized: /jobs/api/
WARNING 2026-08-07 23:28:09,839 django.request Unauthorized: /jobs/api/
WARNING 2026-08-07 23:41:40,062 django.request Unauthorized: /jobs/api/
WARNING 2026-08-07 23:41:40,072 django.request Unauthorized: /jobs/api/
WARNING 2026-08-07 23:42:03,374 django.request Unauthorized: /jobs/api/
WARNING 2026-08-07 23:42:03,388 django.request Unauthorized: /jobs/api/
WARNING 2026-08-07 23:42:08,967 django.request Unauthorized: /jobs/api/
WARNING 2026-08-07 23:42:08,979 django.request Unauthorized: /jobs/api/
WARNING 2026-08-08 11:52:57,373 django.request Unauthorized: /jobs/api/1/
WARNING 2026-08-08 11:52:57,379 django.request Unauthorized: /jobs/api/1/
WARNING 2026-08-08 11:52:58,004 django.request Unauthorized: /jobs/api/1/
WARNING 2026-08-08 11:52:58,010 django.request Unauthorized: /jobs/api/1/
WARNING 2026-08-08 11:53:00,018 django.request Unauthorized: /jobs/api/1/
WARNING 2026-08-08 11:53:00,035 django.request Unauthorized: /jobs/api/1/
INFO 2026-08-08 12:12:18,398 django.utils.autoreload D:\college_placement_system\placement_project\jobs\serializers.py changed, reloading.
INFO 2026-08-08 12:12:19,249 django.utils.autoreload D:\college_placement_system\placement_project\jobs\serializers.py changed, reloading.
INFO 2026-08-08 12:12:19,389 django.utils.autoreload D:\college_placement_system\placement_project\jobs\serializers.py changed, reloading.
INFO 2026-08-08 12:12:19,574 django.utils.autoreload Watching for file changes with StatReloader
INFO 2026-08-08 12:12:19,987 django.utils.autoreload Watching for file changes with StatReloader
INFO 2026-08-08 12:12:20,031 django.utils.autoreload Watching for file changes with StatReloader
INFO 2026-08-08 12:14:24,162 django.utils.autoreload Watching for file changes with StatReloader
WARNING 2026-08-08 12:20:17,523 django.request Unauthorized: /jobs/api/
WARNING 2026-08-08 12:35:18,856 django.request Bad Request: /accounts/api/login/
WARNING 2026-08-08 12:35:54,737 django.request Bad Request: /accounts/api/login/
WARNING 2026-08-08 12:36:06,745 django.request Bad Request: /accounts/api/login/
WARNING 2026-08-08 12:42:42,319 django.request Unauthorized: /jobs/api/
WARNING 2026-08-08 12:42:42,330 django.request Unauthorized: /jobs/api/
WARNING 2026-08-08 12:42:50,367 django.request Unauthorized: /jobs/api/
WARNING 2026-08-08 12:42:50,381 django.request Unauthorized: /jobs/api/
INFO 2026-08-08 13:04:36,039 django.utils.autoreload D:\college_placement_system\placement_project\applications\serializers.py changed, reloading.
INFO 2026-08-08 13:04:36,045 django.utils.autoreload D:\college_placement_system\placement_project\applications\serializers.py changed, reloading.
INFO 2026-08-08 13:04:36,046 django.utils.autoreload D:\college_placement_system\placement_project\applications\serializers.py changed, reloading.
INFO 2026-08-08 13:04:36,967 django.utils.autoreload Watching for file changes with StatReloader
INFO 2026-08-08 13:04:36,969 django.utils.autoreload Watching for file changes with StatReloader
INFO 2026-08-08 13:04:36,981 django.utils.autoreload Watching for file changes with StatReloader
WARNING 2026-08-08 13:18:06,544 django.request Bad Request: /applications/create/
WARNING 2026-08-08 13:26:36,887 django.request Bad Request: /applications/create/
INFO 2026-08-08 13:28:24,870 django.utils.autoreload D:\college_placement_system\placement_project\jobs\serializers.py changed, reloading.
INFO 2026-08-08 13:28:24,873 django.utils.autoreload D:\college_placement_system\placement_project\jobs\serializers.py changed, reloading.
INFO 2026-08-08 13:28:24,886 django.utils.autoreload D:\college_placement_system\placement_project\jobs\serializers.py changed, reloading.
INFO 2026-08-08 13:28:25,647 django.utils.autoreload Watching for file changes with StatReloader
INFO 2026-08-08 13:28:25,648 django.utils.autoreload Watching for file changes with StatReloader
INFO 2026-08-08 13:28:25,692 django.utils.autoreload Watching for file changes with StatReloader
INFO 2026-08-08 13:29:29,869 django.utils.autoreload D:\college_placement_system\placement_project\jobs\views.py changed, reloading.
INFO 2026-08-08 13:29:29,871 django.utils.autoreload D:\college_placement_system\placement_project\jobs\views.py changed, reloading.
INFO 2026-08-08 13:29:29,873 django.utils.autoreload D:\college_placement_system\placement_project\jobs\views.py changed, reloading.
INFO 2026-08-08 13:29:30,524 django.utils.autoreload Watching for file changes with StatReloader
INFO 2026-08-08 13:29:30,525 django.utils.autoreload Watching for file changes with StatReloader
INFO 2026-08-08 13:29:30,532 django.utils.autoreload Watching for file changes with StatReloader
INFO 2026-08-08 13:29:46,198 django.utils.autoreload Watching for file changes with StatReloader
WARNING 2026-08-08 13:30:21,022 django.request Bad Request: /applications/create/
WARNING 2026-08-08 13:30:24,898 django.request Bad Request: /applications/create/
WARNING 2026-08-08 13:30:50,860 django.request Bad Request: /applications/create/
WARNING 2026-08-08 13:35:25,961 django.request Bad Request: /applications/create/
WARNING 2026-08-08 13:35:57,563 django.request Bad Request: /applications/create/
WARNING 2026-08-08 13:38:44,549 django.request Bad Request: /applications/create/
WARNING 2026-08-08 13:39:03,331 django.request Bad Request: /applications/create/
WARNING 2026-08-08 13:41:43,143 django.request Bad Request: /applications/create/
WARNING 2026-08-08 13:42:09,939 django.request Bad Request: /applications/create/
WARNING 2026-08-08 13:42:27,238 django.request Bad Request: /applications/create/
WARNING 2026-08-08 13:51:17,295 django.request Unauthorized: /jobs/api/
WARNING 2026-08-08 13:51:17,303 django.request Unauthorized: /applications/
INFO 2026-08-08 13:55:59,479 django.utils.autoreload Watching for file changes with StatReloader
INFO 2026-08-08 14:16:44,206 django.utils.autoreload D:\college_placement_system\placement_project\applications\serializers.py changed, reloading.
INFO 2026-08-08 14:16:44,224 django.utils.autoreload D:\college_placement_system\placement_project\applications\serializers.py changed, reloading.
INFO 2026-08-08 14:16:44,631 django.utils.autoreload D:\college_placement_system\placement_project\applications\serializers.py changed, reloading.
INFO 2026-08-08 14:16:44,886 django.utils.autoreload Watching for file changes with StatReloader
INFO 2026-08-08 14:16:44,907 django.utils.autoreload Watching for file changes with StatReloader
INFO 2026-08-08 14:16:45,391 django.utils.autoreload Watching for file changes with StatReloader
INFO 2026-08-08 14:16:57,157 django.utils.autoreload Watching for file changes with StatReloader
WARNING 2026-08-08 14:22:10,199 django.request Not Found: /favicon.ico
INFO 2026-08-08 15:02:14,068 django.utils.autoreload D:\college_placement_system\placement_project\students\views.py changed, reloading.
INFO 2026-08-08 15:02:14,068 django.utils.autoreload D:\college_placement_system\placement_project\students\views.py changed, reloading.
INFO 2026-08-08 15:02:14,069 django.utils.autoreload D:\college_placement_system\placement_project\students\views.py changed, reloading.
INFO 2026-08-08 15:02:25,171 django.utils.autoreload Watching for file changes with StatReloader
INFO 2026-08-08 15:02:25,171 django.utils.autoreload Watching for file changes with StatReloader
INFO 2026-08-08 15:02:25,171 django.utils.autoreload Watching for file changes with StatReloader
INFO 2026-08-08 15:03:55,654 django.utils.autoreload D:\college_placement_system\placement_project\students\urls.py changed, reloading.
INFO 2026-08-08 15:03:55,673 django.utils.autoreload D:\college_placement_system\placement_project\students\urls.py changed, reloading.
INFO 2026-08-08 15:03:55,679 django.utils.autoreload D:\college_placement_system\placement_project\students\urls.py changed, reloading.
INFO 2026-08-08 15:03:56,971 django.utils.autoreload Watching for file changes with StatReloader
INFO 2026-08-08 15:03:56,989 django.utils.autoreload Watching for file changes with StatReloader
INFO 2026-08-08 15:03:56,989 django.utils.autoreload Watching for file changes with StatReloader
WARNING 2026-08-08 15:05:28,173 django.request Unauthorized: /students/profile/
INFO 2026-08-08 15:06:51,889 django.utils.autoreload D:\college_placement_system\placement_project\students\serializers.py changed, reloading.
INFO 2026-08-08 15:06:51,901 django.utils.autoreload D:\college_placement_system\placement_project\students\serializers.py changed, reloading.
INFO 2026-08-08 15:06:52,379 django.utils.autoreload D:\college_placement_system\placement_project\students\serializers.py changed, reloading.
INFO 2026-08-08 15:06:53,268 django.utils.autoreload Watching for file changes with StatReloader
INFO 2026-08-08 15:06:53,284 django.utils.autoreload Watching for file changes with StatReloader
INFO 2026-08-08 15:06:53,605 django.utils.autoreload Watching for file changes with StatReloader
WARNING 2026-08-08 15:12:15,256 django.request Unauthorized: /applications/
WARNING 2026-08-08 15:12:18,680 django.request Unauthorized: /applications/
WARNING 2026-08-08 15:12:18,680 django.request Unauthorized: /jobs/api/
WARNING 2026-08-08 15:12:18,686 django.request Unauthorized: /applications/
WARNING 2026-08-08 15:12:18,686 django.request Unauthorized: /jobs/api/
WARNING 2026-08-08 15:12:20,194 django.request Unauthorized: /jobs/api/
WARNING 2026-08-08 15:12:20,208 django.request Unauthorized: /applications/
WARNING 2026-08-08 15:12:20,218 django.request Unauthorized: /jobs/api/
WARNING 2026-08-08 15:12:20,226 django.request Unauthorized: /applications/
WARNING 2026-08-08 15:12:21,757 django.request Unauthorized: /jobs/api/
WARNING 2026-08-08 15:12:21,759 django.request Unauthorized: /applications/
WARNING 2026-08-08 15:12:21,765 django.request Unauthorized: /jobs/api/
WARNING 2026-08-08 15:12:21,769 django.request Unauthorized: /applications/
WARNING 2026-08-08 15:37:11,334 django.request Unauthorized: /students/profile/
WARNING 2026-08-08 15:37:11,338 django.request Unauthorized: /students/profile/
WARNING 2026-08-08 15:37:20,619 django.request Unauthorized: /students/profile/
WARNING 2026-08-08 15:37:20,647 django.request Unauthorized: /students/profile/
INFO 2026-08-08 15:45:39,337 django.utils.autoreload D:\college_placement_system\placement_project\students\views.py changed, reloading.
INFO 2026-08-08 15:45:39,339 django.utils.autoreload D:\college_placement_system\placement_project\students\views.py changed, reloading.
INFO 2026-08-08 15:45:39,349 django.utils.autoreload D:\college_placement_system\placement_project\students\views.py changed, reloading.
INFO 2026-08-08 15:45:40,233 django.utils.autoreload Watching for file changes with StatReloader
INFO 2026-08-08 15:45:40,300 django.utils.autoreload Watching for file changes with StatReloader
INFO 2026-08-08 15:45:40,389 django.utils.autoreload Watching for file changes with StatReloader
INFO 2026-08-08 15:47:21,177 django.utils.autoreload D:\college_placement_system\placement_project\students\urls.py changed, reloading.
INFO 2026-08-08 15:47:21,183 django.utils.autoreload D:\college_placement_system\placement_project\students\urls.py changed, reloading.
INFO 2026-08-08 15:47:21,195 django.utils.autoreload D:\college_placement_system\placement_project\students\urls.py changed, reloading.
INFO 2026-08-08 15:47:22,236 django.utils.autoreload Watching for file changes with StatReloader
INFO 2026-08-08 15:47:22,244 django.utils.autoreload Watching for file changes with StatReloader
INFO 2026-08-08 15:47:22,509 django.utils.autoreload Watching for file changes with StatReloader
WARNING 2026-08-08 15:53:22,368 django.request Unauthorized: /students/profile/
WARNING 2026-08-08 16:01:34,122 django.request Unauthorized: /students/profile/
WARNING 2026-08-08 16:01:34,131 django.request Unauthorized: /students/profile/
WARNING 2026-08-08 16:14:14,342 django.request Unauthorized: /students/profile/
WARNING 2026-08-08 16:14:14,347 django.request Unauthorized: /students/profile/
INFO 2026-08-08 16:26:39,520 django.utils.autoreload D:\college_placement_system\placement_project\students\views.py changed, reloading.
INFO 2026-08-08 16:26:39,518 django.utils.autoreload D:\college_placement_system\placement_project\students\views.py changed, reloading.
INFO 2026-08-08 16:26:39,529 django.utils.autoreload D:\college_placement_system\placement_project\students\views.py changed, reloading.
INFO 2026-08-08 16:26:40,502 django.utils.autoreload Watching for file changes with StatReloader
INFO 2026-08-08 16:26:40,504 django.utils.autoreload Watching for file changes with StatReloader
INFO 2026-08-08 16:26:40,515 django.utils.autoreload Watching for file changes with StatReloader
INFO 2026-08-08 16:35:35,309 django.utils.autoreload D:\college_placement_system\placement_project\students\urls.py changed, reloading.
INFO 2026-08-08 16:35:35,319 django.utils.autoreload D:\college_placement_system\placement_project\students\urls.py changed, reloading.
INFO 2026-08-08 16:35:35,322 django.utils.autoreload D:\college_placement_system\placement_project\students\urls.py changed, reloading.
INFO 2026-08-08 16:35:36,139 django.utils.autoreload Watching for file changes with StatReloader
INFO 2026-08-08 16:35:36,146 django.utils.autoreload Watching for file changes with StatReloader
INFO 2026-08-08 16:35:36,225 django.utils.autoreload Watching for file changes with StatReloader
INFO 2026-08-08 16:36:05,895 django.utils.autoreload D:\college_placement_system\placement_project\students\urls.py changed, reloading.
INFO 2026-08-08 16:36:05,917 django.utils.autoreload D:\college_placement_system\placement_project\students\urls.py changed, reloading.
INFO 2026-08-08 16:36:05,920 django.utils.autoreload D:\college_placement_system\placement_project\students\urls.py changed, reloading.
INFO 2026-08-08 16:36:06,652 django.utils.autoreload Watching for file changes with StatReloader
INFO 2026-08-08 16:36:06,683 django.utils.autoreload Watching for file changes with StatReloader
INFO 2026-08-08 16:36:06,703 django.utils.autoreload Watching for file changes with StatReloader
WARNING 2026-08-08 16:42:29,437 django.request Unauthorized: /students/dashboard/
INFO 2026-08-08 16:45:55,786 django.utils.autoreload Watching for file changes with StatReloader
ERROR 2026-08-08 16:47:09,162 django.request Internal Server Error: /students/dashboard/
Traceback (most recent call last):
  File "D:\college_placement_system\venv\Lib\site-packages\django\core\handlers\exception.py", line 55, in inner
    response = get_response(request)
  File "D:\college_placement_system\venv\Lib\site-packages\django\core\handlers\base.py", line 198, in _get_response
    response = wrapped_callback(request, *callback_args, **callback_kwargs)
  File "D:\college_placement_system\venv\Lib\site-packages\django\views\decorators\csrf.py", line 65, in _view_wrapper
    return view_func(request, *args, **kwargs)
  File "D:\college_placement_system\venv\Lib\site-packages\django\views\generic\base.py", line 106, in view
    return self.dispatch(request, *args, **kwargs)
           ~~~~~~~~~~~~~^^^^^^^^^^^^^^^^^^^^^^^^^^
  File "D:\college_placement_system\venv\Lib\site-packages\rest_framework\views.py", line 515, in dispatch
    response = self.handle_exception(exc)
  File "D:\college_placement_system\venv\Lib\site-packages\rest_framework\views.py", line 475, in handle_exception
    self.raise_uncaught_exception(exc)
    ~~~~~~~~~~~~~~~~~~~~~~~~~~~~~^^^^^
  File "D:\college_placement_system\venv\Lib\site-packages\rest_framework\views.py", line 486, in raise_uncaught_exception
    raise exc
  File "D:\college_placement_system\venv\Lib\site-packages\rest_framework\views.py", line 512, in dispatch
    response = handler(request, *args, **kwargs)
  File "D:\college_placement_system\placement_project\students\views.py", line 157, in get
    notifications = Notification.objects.filter(
                    ~~~~~~~~~~~~~~~~~~~~~~~~~~~^
        student=student
        ^^^^^^^^^^^^^^^
    ).count()
    ^
  File "D:\college_placement_system\venv\Lib\site-packages\django\db\models\manager.py", line 87, in manager_method
    return getattr(self.get_queryset(), name)(*args, **kwargs)
           ~~~~~~~~~~~~~~~~~~~~~~~~~~~~~~~~~~^^^^^^^^^^^^^^^^^
  File "D:\college_placement_system\venv\Lib\site-packages\django\db\models\query.py", line 1542, in filter
    return self._filter_or_exclude(False, args, kwargs)
           ~~~~~~~~~~~~~~~~~~~~~~~^^^^^^^^^^^^^^^^^^^^^
  File "D:\college_placement_system\venv\Lib\site-packages\django\db\models\query.py", line 1560, in _filter_or_exclude
    clone._filter_or_exclude_inplace(negate, args, kwargs)
    ~~~~~~~~~~~~~~~~~~~~~~~~~~~~~~~~^^^^^^^^^^^^^^^^^^^^^^
  File "D:\college_placement_system\venv\Lib\site-packages\django\db\models\query.py", line 1570, in _filter_or_exclude_inplace
    self._query.add_q(Q(*args, **kwargs))
    ~~~~~~~~~~~~~~~~~^^^^^^^^^^^^^^^^^^^^
  File "D:\college_placement_system\venv\Lib\site-packages\django\db\models\sql\query.py", line 1676, in add_q
    clause, _ = self._add_q(q_object, can_reuse)
                ~~~~~~~~~~~^^^^^^^^^^^^^^^^^^^^^
  File "D:\college_placement_system\venv\Lib\site-packages\django\db\models\sql\query.py", line 1708, in _add_q
    child_clause, needed_inner = self.build_filter(
                                 ~~~~~~~~~~~~~~~~~^
        child,
        ^^^^^^
    ...<7 lines>...
        update_join_types=update_join_types,
        ^^^^^^^^^^^^^^^^^^^^^^^^^^^^^^^^^^^^
    )
    ^
  File "D:\college_placement_system\venv\Lib\site-packages\django\db\models\sql\query.py", line 1556, in build_filter
    lookups, parts, reffed_expression = self.solve_lookup_type(arg, summarize)
                                        ~~~~~~~~~~~~~~~~~~~~~~^^^^^^^^^^^^^^^^
  File "D:\college_placement_system\venv\Lib\site-packages\django\db\models\sql\query.py", line 1363, in solve_lookup_type
    _, field, _, lookup_parts = self.names_to_path(lookup_splitted, self.get_meta())
                                ~~~~~~~~~~~~~~~~~~^^^^^^^^^^^^^^^^^^^^^^^^^^^^^^^^^^
  File "D:\college_placement_system\venv\Lib\site-packages\django\db\models\sql\query.py", line 1842, in names_to_path
    raise FieldError(
    ...<2 lines>...
    )
django.core.exceptions.FieldError: Cannot resolve keyword 'student' into field. Choices are: created_at, id, is_read, message, recipient, recipient_id, title
ERROR 2026-08-08 16:47:09,569 django.request Internal Server Error: /students/dashboard/
Traceback (most recent call last):
  File "D:\college_placement_system\venv\Lib\site-packages\django\core\handlers\exception.py", line 55, in inner
    response = get_response(request)
  File "D:\college_placement_system\venv\Lib\site-packages\django\core\handlers\base.py", line 198, in _get_response
    response = wrapped_callback(request, *callback_args, **callback_kwargs)
  File "D:\college_placement_system\venv\Lib\site-packages\django\views\decorators\csrf.py", line 65, in _view_wrapper
    return view_func(request, *args, **kwargs)
  File "D:\college_placement_system\venv\Lib\site-packages\django\views\generic\base.py", line 106, in view
    return self.dispatch(request, *args, **kwargs)
           ~~~~~~~~~~~~~^^^^^^^^^^^^^^^^^^^^^^^^^^
  File "D:\college_placement_system\venv\Lib\site-packages\rest_framework\views.py", line 515, in dispatch
    response = self.handle_exception(exc)
  File "D:\college_placement_system\venv\Lib\site-packages\rest_framework\views.py", line 475, in handle_exception
    self.raise_uncaught_exception(exc)
    ~~~~~~~~~~~~~~~~~~~~~~~~~~~~~^^^^^
  File "D:\college_placement_system\venv\Lib\site-packages\rest_framework\views.py", line 486, in raise_uncaught_exception
    raise exc
  File "D:\college_placement_system\venv\Lib\site-packages\rest_framework\views.py", line 512, in dispatch
    response = handler(request, *args, **kwargs)
  File "D:\college_placement_system\placement_project\students\views.py", line 157, in get
    notifications = Notification.objects.filter(
                    ~~~~~~~~~~~~~~~~~~~~~~~~~~~^
        student=student
        ^^^^^^^^^^^^^^^
    ).count()
    ^
  File "D:\college_placement_system\venv\Lib\site-packages\django\db\models\manager.py", line 87, in manager_method
    return getattr(self.get_queryset(), name)(*args, **kwargs)
           ~~~~~~~~~~~~~~~~~~~~~~~~~~~~~~~~~~^^^^^^^^^^^^^^^^^
  File "D:\college_placement_system\venv\Lib\site-packages\django\db\models\query.py", line 1542, in filter
    return self._filter_or_exclude(False, args, kwargs)
           ~~~~~~~~~~~~~~~~~~~~~~~^^^^^^^^^^^^^^^^^^^^^
  File "D:\college_placement_system\venv\Lib\site-packages\django\db\models\query.py", line 1560, in _filter_or_exclude
    clone._filter_or_exclude_inplace(negate, args, kwargs)
    ~~~~~~~~~~~~~~~~~~~~~~~~~~~~~~~~^^^^^^^^^^^^^^^^^^^^^^
  File "D:\college_placement_system\venv\Lib\site-packages\django\db\models\query.py", line 1570, in _filter_or_exclude_inplace
    self._query.add_q(Q(*args, **kwargs))
    ~~~~~~~~~~~~~~~~~^^^^^^^^^^^^^^^^^^^^
  File "D:\college_placement_system\venv\Lib\site-packages\django\db\models\sql\query.py", line 1676, in add_q
    clause, _ = self._add_q(q_object, can_reuse)
                ~~~~~~~~~~~^^^^^^^^^^^^^^^^^^^^^
  File "D:\college_placement_system\venv\Lib\site-packages\django\db\models\sql\query.py", line 1708, in _add_q
    child_clause, needed_inner = self.build_filter(
                                 ~~~~~~~~~~~~~~~~~^
        child,
        ^^^^^^
    ...<7 lines>...
        update_join_types=update_join_types,
        ^^^^^^^^^^^^^^^^^^^^^^^^^^^^^^^^^^^^
    )
    ^
  File "D:\college_placement_system\venv\Lib\site-packages\django\db\models\sql\query.py", line 1556, in build_filter
    lookups, parts, reffed_expression = self.solve_lookup_type(arg, summarize)
                                        ~~~~~~~~~~~~~~~~~~~~~~^^^^^^^^^^^^^^^^
  File "D:\college_placement_system\venv\Lib\site-packages\django\db\models\sql\query.py", line 1363, in solve_lookup_type
    _, field, _, lookup_parts = self.names_to_path(lookup_splitted, self.get_meta())
                                ~~~~~~~~~~~~~~~~~~^^^^^^^^^^^^^^^^^^^^^^^^^^^^^^^^^^
  File "D:\college_placement_system\venv\Lib\site-packages\django\db\models\sql\query.py", line 1842, in names_to_path
    raise FieldError(
    ...<2 lines>...
    )
django.core.exceptions.FieldError: Cannot resolve keyword 'student' into field. Choices are: created_at, id, is_read, message, recipient, recipient_id, title
ERROR 2026-08-08 16:47:24,165 django.request Internal Server Error: /students/dashboard/
Traceback (most recent call last):
  File "D:\college_placement_system\venv\Lib\site-packages\django\core\handlers\exception.py", line 55, in inner
    response = get_response(request)
  File "D:\college_placement_system\venv\Lib\site-packages\django\core\handlers\base.py", line 198, in _get_response
    response = wrapped_callback(request, *callback_args, **callback_kwargs)
  File "D:\college_placement_system\venv\Lib\site-packages\django\views\decorators\csrf.py", line 65, in _view_wrapper
    return view_func(request, *args, **kwargs)
  File "D:\college_placement_system\venv\Lib\site-packages\django\views\generic\base.py", line 106, in view
    return self.dispatch(request, *args, **kwargs)
           ~~~~~~~~~~~~~^^^^^^^^^^^^^^^^^^^^^^^^^^
  File "D:\college_placement_system\venv\Lib\site-packages\rest_framework\views.py", line 515, in dispatch
    response = self.handle_exception(exc)
  File "D:\college_placement_system\venv\Lib\site-packages\rest_framework\views.py", line 475, in handle_exception
    self.raise_uncaught_exception(exc)
    ~~~~~~~~~~~~~~~~~~~~~~~~~~~~~^^^^^
  File "D:\college_placement_system\venv\Lib\site-packages\rest_framework\views.py", line 486, in raise_uncaught_exception
    raise exc
  File "D:\college_placement_system\venv\Lib\site-packages\rest_framework\views.py", line 512, in dispatch
    response = handler(request, *args, **kwargs)
  File "D:\college_placement_system\placement_project\students\views.py", line 157, in get
    notifications = Notification.objects.filter(
                    ~~~~~~~~~~~~~~~~~~~~~~~~~~~^
        student=student
        ^^^^^^^^^^^^^^^
    ).count()
    ^
  File "D:\college_placement_system\venv\Lib\site-packages\django\db\models\manager.py", line 87, in manager_method
    return getattr(self.get_queryset(), name)(*args, **kwargs)
           ~~~~~~~~~~~~~~~~~~~~~~~~~~~~~~~~~~^^^^^^^^^^^^^^^^^
  File "D:\college_placement_system\venv\Lib\site-packages\django\db\models\query.py", line 1542, in filter
    return self._filter_or_exclude(False, args, kwargs)
           ~~~~~~~~~~~~~~~~~~~~~~~^^^^^^^^^^^^^^^^^^^^^
  File "D:\college_placement_system\venv\Lib\site-packages\django\db\models\query.py", line 1560, in _filter_or_exclude
    clone._filter_or_exclude_inplace(negate, args, kwargs)
    ~~~~~~~~~~~~~~~~~~~~~~~~~~~~~~~~^^^^^^^^^^^^^^^^^^^^^^
  File "D:\college_placement_system\venv\Lib\site-packages\django\db\models\query.py", line 1570, in _filter_or_exclude_inplace
    self._query.add_q(Q(*args, **kwargs))
    ~~~~~~~~~~~~~~~~~^^^^^^^^^^^^^^^^^^^^
  File "D:\college_placement_system\venv\Lib\site-packages\django\db\models\sql\query.py", line 1676, in add_q
    clause, _ = self._add_q(q_object, can_reuse)
                ~~~~~~~~~~~^^^^^^^^^^^^^^^^^^^^^
  File "D:\college_placement_system\venv\Lib\site-packages\django\db\models\sql\query.py", line 1708, in _add_q
    child_clause, needed_inner = self.build_filter(
                                 ~~~~~~~~~~~~~~~~~^
        child,
        ^^^^^^
    ...<7 lines>...
        update_join_types=update_join_types,
        ^^^^^^^^^^^^^^^^^^^^^^^^^^^^^^^^^^^^
    )
    ^
  File "D:\college_placement_system\venv\Lib\site-packages\django\db\models\sql\query.py", line 1556, in build_filter
    lookups, parts, reffed_expression = self.solve_lookup_type(arg, summarize)
                                        ~~~~~~~~~~~~~~~~~~~~~~^^^^^^^^^^^^^^^^
  File "D:\college_placement_system\venv\Lib\site-packages\django\db\models\sql\query.py", line 1363, in solve_lookup_type
    _, field, _, lookup_parts = self.names_to_path(lookup_splitted, self.get_meta())
                                ~~~~~~~~~~~~~~~~~~^^^^^^^^^^^^^^^^^^^^^^^^^^^^^^^^^^
  File "D:\college_placement_system\venv\Lib\site-packages\django\db\models\sql\query.py", line 1842, in names_to_path
    raise FieldError(
    ...<2 lines>...
    )
django.core.exceptions.FieldError: Cannot resolve keyword 'student' into field. Choices are: created_at, id, is_read, message, recipient, recipient_id, title
ERROR 2026-08-08 16:47:24,388 django.request Internal Server Error: /students/dashboard/
Traceback (most recent call last):
  File "D:\college_placement_system\venv\Lib\site-packages\django\core\handlers\exception.py", line 55, in inner
    response = get_response(request)
  File "D:\college_placement_system\venv\Lib\site-packages\django\core\handlers\base.py", line 198, in _get_response
    response = wrapped_callback(request, *callback_args, **callback_kwargs)
  File "D:\college_placement_system\venv\Lib\site-packages\django\views\decorators\csrf.py", line 65, in _view_wrapper
    return view_func(request, *args, **kwargs)
  File "D:\college_placement_system\venv\Lib\site-packages\django\views\generic\base.py", line 106, in view
    return self.dispatch(request, *args, **kwargs)
           ~~~~~~~~~~~~~^^^^^^^^^^^^^^^^^^^^^^^^^^
  File "D:\college_placement_system\venv\Lib\site-packages\rest_framework\views.py", line 515, in dispatch
    response = self.handle_exception(exc)
  File "D:\college_placement_system\venv\Lib\site-packages\rest_framework\views.py", line 475, in handle_exception
    self.raise_uncaught_exception(exc)
    ~~~~~~~~~~~~~~~~~~~~~~~~~~~~~^^^^^
  File "D:\college_placement_system\venv\Lib\site-packages\rest_framework\views.py", line 486, in raise_uncaught_exception
    raise exc
  File "D:\college_placement_system\venv\Lib\site-packages\rest_framework\views.py", line 512, in dispatch
    response = handler(request, *args, **kwargs)
  File "D:\college_placement_system\placement_project\students\views.py", line 157, in get
    notifications = Notification.objects.filter(
                    ~~~~~~~~~~~~~~~~~~~~~~~~~~~^
        student=student
        ^^^^^^^^^^^^^^^
    ).count()
    ^
  File "D:\college_placement_system\venv\Lib\site-packages\django\db\models\manager.py", line 87, in manager_method
    return getattr(self.get_queryset(), name)(*args, **kwargs)
           ~~~~~~~~~~~~~~~~~~~~~~~~~~~~~~~~~~^^^^^^^^^^^^^^^^^
  File "D:\college_placement_system\venv\Lib\site-packages\django\db\models\query.py", line 1542, in filter
    return self._filter_or_exclude(False, args, kwargs)
           ~~~~~~~~~~~~~~~~~~~~~~~^^^^^^^^^^^^^^^^^^^^^
  File "D:\college_placement_system\venv\Lib\site-packages\django\db\models\query.py", line 1560, in _filter_or_exclude
    clone._filter_or_exclude_inplace(negate, args, kwargs)
    ~~~~~~~~~~~~~~~~~~~~~~~~~~~~~~~~^^^^^^^^^^^^^^^^^^^^^^
  File "D:\college_placement_system\venv\Lib\site-packages\django\db\models\query.py", line 1570, in _filter_or_exclude_inplace
    self._query.add_q(Q(*args, **kwargs))
    ~~~~~~~~~~~~~~~~~^^^^^^^^^^^^^^^^^^^^
  File "D:\college_placement_system\venv\Lib\site-packages\django\db\models\sql\query.py", line 1676, in add_q
    clause, _ = self._add_q(q_object, can_reuse)
                ~~~~~~~~~~~^^^^^^^^^^^^^^^^^^^^^
  File "D:\college_placement_system\venv\Lib\site-packages\django\db\models\sql\query.py", line 1708, in _add_q
    child_clause, needed_inner = self.build_filter(
                                 ~~~~~~~~~~~~~~~~~^
        child,
        ^^^^^^
    ...<7 lines>...
        update_join_types=update_join_types,
        ^^^^^^^^^^^^^^^^^^^^^^^^^^^^^^^^^^^^
    )
    ^
  File "D:\college_placement_system\venv\Lib\site-packages\django\db\models\sql\query.py", line 1556, in build_filter
    lookups, parts, reffed_expression = self.solve_lookup_type(arg, summarize)
                                        ~~~~~~~~~~~~~~~~~~~~~~^^^^^^^^^^^^^^^^
  File "D:\college_placement_system\venv\Lib\site-packages\django\db\models\sql\query.py", line 1363, in solve_lookup_type
    _, field, _, lookup_parts = self.names_to_path(lookup_splitted, self.get_meta())
                                ~~~~~~~~~~~~~~~~~~^^^^^^^^^^^^^^^^^^^^^^^^^^^^^^^^^^
  File "D:\college_placement_system\venv\Lib\site-packages\django\db\models\sql\query.py", line 1842, in names_to_path
    raise FieldError(
    ...<2 lines>...
    )
django.core.exceptions.FieldError: Cannot resolve keyword 'student' into field. Choices are: created_at, id, is_read, message, recipient, recipient_id, title
ERROR 2026-08-08 16:47:34,180 django.request Internal Server Error: /students/dashboard/
Traceback (most recent call last):
  File "D:\college_placement_system\venv\Lib\site-packages\django\core\handlers\exception.py", line 55, in inner
    response = get_response(request)
  File "D:\college_placement_system\venv\Lib\site-packages\django\core\handlers\base.py", line 198, in _get_response
    response = wrapped_callback(request, *callback_args, **callback_kwargs)
  File "D:\college_placement_system\venv\Lib\site-packages\django\views\decorators\csrf.py", line 65, in _view_wrapper
    return view_func(request, *args, **kwargs)
  File "D:\college_placement_system\venv\Lib\site-packages\django\views\generic\base.py", line 106, in view
    return self.dispatch(request, *args, **kwargs)
           ~~~~~~~~~~~~~^^^^^^^^^^^^^^^^^^^^^^^^^^
  File "D:\college_placement_system\venv\Lib\site-packages\rest_framework\views.py", line 515, in dispatch
    response = self.handle_exception(exc)
  File "D:\college_placement_system\venv\Lib\site-packages\rest_framework\views.py", line 475, in handle_exception
    self.raise_uncaught_exception(exc)
    ~~~~~~~~~~~~~~~~~~~~~~~~~~~~~^^^^^
  File "D:\college_placement_system\venv\Lib\site-packages\rest_framework\views.py", line 486, in raise_uncaught_exception
    raise exc
  File "D:\college_placement_system\venv\Lib\site-packages\rest_framework\views.py", line 512, in dispatch
    response = handler(request, *args, **kwargs)
  File "D:\college_placement_system\placement_project\students\views.py", line 157, in get
    notifications = Notification.objects.filter(
                    ~~~~~~~~~~~~~~~~~~~~~~~~~~~^
        student=student
        ^^^^^^^^^^^^^^^
    ).count()
    ^
  File "D:\college_placement_system\venv\Lib\site-packages\django\db\models\manager.py", line 87, in manager_method
    return getattr(self.get_queryset(), name)(*args, **kwargs)
           ~~~~~~~~~~~~~~~~~~~~~~~~~~~~~~~~~~^^^^^^^^^^^^^^^^^
  File "D:\college_placement_system\venv\Lib\site-packages\django\db\models\query.py", line 1542, in filter
    return self._filter_or_exclude(False, args, kwargs)
           ~~~~~~~~~~~~~~~~~~~~~~~^^^^^^^^^^^^^^^^^^^^^
  File "D:\college_placement_system\venv\Lib\site-packages\django\db\models\query.py", line 1560, in _filter_or_exclude
    clone._filter_or_exclude_inplace(negate, args, kwargs)
    ~~~~~~~~~~~~~~~~~~~~~~~~~~~~~~~~^^^^^^^^^^^^^^^^^^^^^^
  File "D:\college_placement_system\venv\Lib\site-packages\django\db\models\query.py", line 1570, in _filter_or_exclude_inplace
    self._query.add_q(Q(*args, **kwargs))
    ~~~~~~~~~~~~~~~~~^^^^^^^^^^^^^^^^^^^^
  File "D:\college_placement_system\venv\Lib\site-packages\django\db\models\sql\query.py", line 1676, in add_q
    clause, _ = self._add_q(q_object, can_reuse)
                ~~~~~~~~~~~^^^^^^^^^^^^^^^^^^^^^
  File "D:\college_placement_system\venv\Lib\site-packages\django\db\models\sql\query.py", line 1708, in _add_q
    child_clause, needed_inner = self.build_filter(
                                 ~~~~~~~~~~~~~~~~~^
        child,
        ^^^^^^
    ...<7 lines>...
        update_join_types=update_join_types,
        ^^^^^^^^^^^^^^^^^^^^^^^^^^^^^^^^^^^^
    )
    ^
  File "D:\college_placement_system\venv\Lib\site-packages\django\db\models\sql\query.py", line 1556, in build_filter
    lookups, parts, reffed_expression = self.solve_lookup_type(arg, summarize)
                                        ~~~~~~~~~~~~~~~~~~~~~~^^^^^^^^^^^^^^^^
  File "D:\college_placement_system\venv\Lib\site-packages\django\db\models\sql\query.py", line 1363, in solve_lookup_type
    _, field, _, lookup_parts = self.names_to_path(lookup_splitted, self.get_meta())
                                ~~~~~~~~~~~~~~~~~~^^^^^^^^^^^^^^^^^^^^^^^^^^^^^^^^^^
  File "D:\college_placement_system\venv\Lib\site-packages\django\db\models\sql\query.py", line 1842, in names_to_path
    raise FieldError(
    ...<2 lines>...
    )
django.core.exceptions.FieldError: Cannot resolve keyword 'student' into field. Choices are: created_at, id, is_read, message, recipient, recipient_id, title
ERROR 2026-08-08 16:47:34,409 django.request Internal Server Error: /students/dashboard/
Traceback (most recent call last):
  File "D:\college_placement_system\venv\Lib\site-packages\django\core\handlers\exception.py", line 55, in inner
    response = get_response(request)
  File "D:\college_placement_system\venv\Lib\site-packages\django\core\handlers\base.py", line 198, in _get_response
    response = wrapped_callback(request, *callback_args, **callback_kwargs)
  File "D:\college_placement_system\venv\Lib\site-packages\django\views\decorators\csrf.py", line 65, in _view_wrapper
    return view_func(request, *args, **kwargs)
  File "D:\college_placement_system\venv\Lib\site-packages\django\views\generic\base.py", line 106, in view
    return self.dispatch(request, *args, **kwargs)
           ~~~~~~~~~~~~~^^^^^^^^^^^^^^^^^^^^^^^^^^
  File "D:\college_placement_system\venv\Lib\site-packages\rest_framework\views.py", line 515, in dispatch
    response = self.handle_exception(exc)
  File "D:\college_placement_system\venv\Lib\site-packages\rest_framework\views.py", line 475, in handle_exception
    self.raise_uncaught_exception(exc)
    ~~~~~~~~~~~~~~~~~~~~~~~~~~~~~^^^^^
  File "D:\college_placement_system\venv\Lib\site-packages\rest_framework\views.py", line 486, in raise_uncaught_exception
    raise exc
  File "D:\college_placement_system\venv\Lib\site-packages\rest_framework\views.py", line 512, in dispatch
    response = handler(request, *args, **kwargs)
  File "D:\college_placement_system\placement_project\students\views.py", line 157, in get
    notifications = Notification.objects.filter(
                    ~~~~~~~~~~~~~~~~~~~~~~~~~~~^
        student=student
        ^^^^^^^^^^^^^^^
    ).count()
    ^
  File "D:\college_placement_system\venv\Lib\site-packages\django\db\models\manager.py", line 87, in manager_method
    return getattr(self.get_queryset(), name)(*args, **kwargs)
           ~~~~~~~~~~~~~~~~~~~~~~~~~~~~~~~~~~^^^^^^^^^^^^^^^^^
  File "D:\college_placement_system\venv\Lib\site-packages\django\db\models\query.py", line 1542, in filter
    return self._filter_or_exclude(False, args, kwargs)
           ~~~~~~~~~~~~~~~~~~~~~~~^^^^^^^^^^^^^^^^^^^^^
  File "D:\college_placement_system\venv\Lib\site-packages\django\db\models\query.py", line 1560, in _filter_or_exclude
    clone._filter_or_exclude_inplace(negate, args, kwargs)
    ~~~~~~~~~~~~~~~~~~~~~~~~~~~~~~~~^^^^^^^^^^^^^^^^^^^^^^
  File "D:\college_placement_system\venv\Lib\site-packages\django\db\models\query.py", line 1570, in _filter_or_exclude_inplace
    self._query.add_q(Q(*args, **kwargs))
    ~~~~~~~~~~~~~~~~~^^^^^^^^^^^^^^^^^^^^
  File "D:\college_placement_system\venv\Lib\site-packages\django\db\models\sql\query.py", line 1676, in add_q
    clause, _ = self._add_q(q_object, can_reuse)
                ~~~~~~~~~~~^^^^^^^^^^^^^^^^^^^^^
  File "D:\college_placement_system\venv\Lib\site-packages\django\db\models\sql\query.py", line 1708, in _add_q
    child_clause, needed_inner = self.build_filter(
                                 ~~~~~~~~~~~~~~~~~^
        child,
        ^^^^^^
    ...<7 lines>...
        update_join_types=update_join_types,
        ^^^^^^^^^^^^^^^^^^^^^^^^^^^^^^^^^^^^
    )
    ^
  File "D:\college_placement_system\venv\Lib\site-packages\django\db\models\sql\query.py", line 1556, in build_filter
    lookups, parts, reffed_expression = self.solve_lookup_type(arg, summarize)
                                        ~~~~~~~~~~~~~~~~~~~~~~^^^^^^^^^^^^^^^^
  File "D:\college_placement_system\venv\Lib\site-packages\django\db\models\sql\query.py", line 1363, in solve_lookup_type
    _, field, _, lookup_parts = self.names_to_path(lookup_splitted, self.get_meta())
                                ~~~~~~~~~~~~~~~~~~^^^^^^^^^^^^^^^^^^^^^^^^^^^^^^^^^^
  File "D:\college_placement_system\venv\Lib\site-packages\django\db\models\sql\query.py", line 1842, in names_to_path
    raise FieldError(
    ...<2 lines>...
    )
django.core.exceptions.FieldError: Cannot resolve keyword 'student' into field. Choices are: created_at, id, is_read, message, recipient, recipient_id, title
INFO 2026-08-08 17:01:04,177 django.utils.autoreload D:\college_placement_system\placement_project\students\views.py changed, reloading.
INFO 2026-08-08 17:01:04,187 django.utils.autoreload D:\college_placement_system\placement_project\students\views.py changed, reloading.
INFO 2026-08-08 17:01:04,940 django.utils.autoreload Watching for file changes with StatReloader
INFO 2026-08-08 17:01:04,941 django.utils.autoreload Watching for file changes with StatReloader
INFO 2026-08-08 17:01:44,013 django.utils.autoreload Watching for file changes with StatReloader
INFO 2026-08-08 17:03:06,743 django.utils.autoreload Watching for file changes with StatReloader
ERROR 2026-08-08 17:04:10,819 django.request Internal Server Error: /students/dashboard/
Traceback (most recent call last):
  File "D:\college_placement_system\venv\Lib\site-packages\django\core\handlers\exception.py", line 55, in inner
    response = get_response(request)
  File "D:\college_placement_system\venv\Lib\site-packages\django\core\handlers\base.py", line 198, in _get_response
    response = wrapped_callback(request, *callback_args, **callback_kwargs)
  File "D:\college_placement_system\venv\Lib\site-packages\django\views\decorators\csrf.py", line 65, in _view_wrapper
    return view_func(request, *args, **kwargs)
  File "D:\college_placement_system\venv\Lib\site-packages\django\views\generic\base.py", line 106, in view
    return self.dispatch(request, *args, **kwargs)
           ~~~~~~~~~~~~~^^^^^^^^^^^^^^^^^^^^^^^^^^
  File "D:\college_placement_system\venv\Lib\site-packages\rest_framework\views.py", line 515, in dispatch
    response = self.handle_exception(exc)
  File "D:\college_placement_system\venv\Lib\site-packages\rest_framework\views.py", line 475, in handle_exception
    self.raise_uncaught_exception(exc)
    ~~~~~~~~~~~~~~~~~~~~~~~~~~~~~^^^^^
  File "D:\college_placement_system\venv\Lib\site-packages\rest_framework\views.py", line 486, in raise_uncaught_exception
    raise exc
  File "D:\college_placement_system\venv\Lib\site-packages\rest_framework\views.py", line 512, in dispatch
    response = handler(request, *args, **kwargs)
  File "D:\college_placement_system\placement_project\students\views.py", line 160, in get
    notifications = Notification.objects.filter(
                    ~~~~~~~~~~~~~~~~~~~~~~~~~~~^
        student=student
        ^^^^^^^^^^^^^^^
    ).count()
    ^
  File "D:\college_placement_system\venv\Lib\site-packages\django\db\models\manager.py", line 87, in manager_method
    return getattr(self.get_queryset(), name)(*args, **kwargs)
           ~~~~~~~~~~~~~~~~~~~~~~~~~~~~~~~~~~^^^^^^^^^^^^^^^^^
  File "D:\college_placement_system\venv\Lib\site-packages\django\db\models\query.py", line 1542, in filter
    return self._filter_or_exclude(False, args, kwargs)
           ~~~~~~~~~~~~~~~~~~~~~~~^^^^^^^^^^^^^^^^^^^^^
  File "D:\college_placement_system\venv\Lib\site-packages\django\db\models\query.py", line 1560, in _filter_or_exclude
    clone._filter_or_exclude_inplace(negate, args, kwargs)
    ~~~~~~~~~~~~~~~~~~~~~~~~~~~~~~~~^^^^^^^^^^^^^^^^^^^^^^
  File "D:\college_placement_system\venv\Lib\site-packages\django\db\models\query.py", line 1570, in _filter_or_exclude_inplace
    self._query.add_q(Q(*args, **kwargs))
    ~~~~~~~~~~~~~~~~~^^^^^^^^^^^^^^^^^^^^
  File "D:\college_placement_system\venv\Lib\site-packages\django\db\models\sql\query.py", line 1676, in add_q
    clause, _ = self._add_q(q_object, can_reuse)
                ~~~~~~~~~~~^^^^^^^^^^^^^^^^^^^^^
  File "D:\college_placement_system\venv\Lib\site-packages\django\db\models\sql\query.py", line 1708, in _add_q
    child_clause, needed_inner = self.build_filter(
                                 ~~~~~~~~~~~~~~~~~^
        child,
        ^^^^^^
    ...<7 lines>...
        update_join_types=update_join_types,
        ^^^^^^^^^^^^^^^^^^^^^^^^^^^^^^^^^^^^
    )
    ^
  File "D:\college_placement_system\venv\Lib\site-packages\django\db\models\sql\query.py", line 1556, in build_filter
    lookups, parts, reffed_expression = self.solve_lookup_type(arg, summarize)
                                        ~~~~~~~~~~~~~~~~~~~~~~^^^^^^^^^^^^^^^^
  File "D:\college_placement_system\venv\Lib\site-packages\django\db\models\sql\query.py", line 1363, in solve_lookup_type
    _, field, _, lookup_parts = self.names_to_path(lookup_splitted, self.get_meta())
                                ~~~~~~~~~~~~~~~~~~^^^^^^^^^^^^^^^^^^^^^^^^^^^^^^^^^^
  File "D:\college_placement_system\venv\Lib\site-packages\django\db\models\sql\query.py", line 1842, in names_to_path
    raise FieldError(
    ...<2 lines>...
    )
django.core.exceptions.FieldError: Cannot resolve keyword 'student' into field. Choices are: created_at, id, is_read, message, recipient, recipient_id, title
ERROR 2026-08-08 17:04:11,135 django.request Internal Server Error: /students/dashboard/
Traceback (most recent call last):
  File "D:\college_placement_system\venv\Lib\site-packages\django\core\handlers\exception.py", line 55, in inner
    response = get_response(request)
  File "D:\college_placement_system\venv\Lib\site-packages\django\core\handlers\base.py", line 198, in _get_response
    response = wrapped_callback(request, *callback_args, **callback_kwargs)
  File "D:\college_placement_system\venv\Lib\site-packages\django\views\decorators\csrf.py", line 65, in _view_wrapper
    return view_func(request, *args, **kwargs)
  File "D:\college_placement_system\venv\Lib\site-packages\django\views\generic\base.py", line 106, in view
    return self.dispatch(request, *args, **kwargs)
           ~~~~~~~~~~~~~^^^^^^^^^^^^^^^^^^^^^^^^^^
  File "D:\college_placement_system\venv\Lib\site-packages\rest_framework\views.py", line 515, in dispatch
    response = self.handle_exception(exc)
  File "D:\college_placement_system\venv\Lib\site-packages\rest_framework\views.py", line 475, in handle_exception
    self.raise_uncaught_exception(exc)
    ~~~~~~~~~~~~~~~~~~~~~~~~~~~~~^^^^^
  File "D:\college_placement_system\venv\Lib\site-packages\rest_framework\views.py", line 486, in raise_uncaught_exception
    raise exc
  File "D:\college_placement_system\venv\Lib\site-packages\rest_framework\views.py", line 512, in dispatch
    response = handler(request, *args, **kwargs)
  File "D:\college_placement_system\placement_project\students\views.py", line 160, in get
    notifications = Notification.objects.filter(
                    ~~~~~~~~~~~~~~~~~~~~~~~~~~~^
        student=student
        ^^^^^^^^^^^^^^^
    ).count()
    ^
  File "D:\college_placement_system\venv\Lib\site-packages\django\db\models\manager.py", line 87, in manager_method
    return getattr(self.get_queryset(), name)(*args, **kwargs)
           ~~~~~~~~~~~~~~~~~~~~~~~~~~~~~~~~~~^^^^^^^^^^^^^^^^^
  File "D:\college_placement_system\venv\Lib\site-packages\django\db\models\query.py", line 1542, in filter
    return self._filter_or_exclude(False, args, kwargs)
           ~~~~~~~~~~~~~~~~~~~~~~~^^^^^^^^^^^^^^^^^^^^^
  File "D:\college_placement_system\venv\Lib\site-packages\django\db\models\query.py", line 1560, in _filter_or_exclude
    clone._filter_or_exclude_inplace(negate, args, kwargs)
    ~~~~~~~~~~~~~~~~~~~~~~~~~~~~~~~~^^^^^^^^^^^^^^^^^^^^^^
  File "D:\college_placement_system\venv\Lib\site-packages\django\db\models\query.py", line 1570, in _filter_or_exclude_inplace
    self._query.add_q(Q(*args, **kwargs))
    ~~~~~~~~~~~~~~~~~^^^^^^^^^^^^^^^^^^^^
  File "D:\college_placement_system\venv\Lib\site-packages\django\db\models\sql\query.py", line 1676, in add_q
    clause, _ = self._add_q(q_object, can_reuse)
                ~~~~~~~~~~~^^^^^^^^^^^^^^^^^^^^^
  File "D:\college_placement_system\venv\Lib\site-packages\django\db\models\sql\query.py", line 1708, in _add_q
    child_clause, needed_inner = self.build_filter(
                                 ~~~~~~~~~~~~~~~~~^
        child,
        ^^^^^^
    ...<7 lines>...
        update_join_types=update_join_types,
        ^^^^^^^^^^^^^^^^^^^^^^^^^^^^^^^^^^^^
    )
    ^
  File "D:\college_placement_system\venv\Lib\site-packages\django\db\models\sql\query.py", line 1556, in build_filter
    lookups, parts, reffed_expression = self.solve_lookup_type(arg, summarize)
                                        ~~~~~~~~~~~~~~~~~~~~~~^^^^^^^^^^^^^^^^
  File "D:\college_placement_system\venv\Lib\site-packages\django\db\models\sql\query.py", line 1363, in solve_lookup_type
    _, field, _, lookup_parts = self.names_to_path(lookup_splitted, self.get_meta())
                                ~~~~~~~~~~~~~~~~~~^^^^^^^^^^^^^^^^^^^^^^^^^^^^^^^^^^
  File "D:\college_placement_system\venv\Lib\site-packages\django\db\models\sql\query.py", line 1842, in names_to_path
    raise FieldError(
    ...<2 lines>...
    )
django.core.exceptions.FieldError: Cannot resolve keyword 'student' into field. Choices are: created_at, id, is_read, message, recipient, recipient_id, title
ERROR 2026-08-08 17:08:10,597 django.request Internal Server Error: /students/dashboard/
Traceback (most recent call last):
  File "D:\college_placement_system\venv\Lib\site-packages\django\core\handlers\exception.py", line 55, in inner
    response = get_response(request)
  File "D:\college_placement_system\venv\Lib\site-packages\django\core\handlers\base.py", line 198, in _get_response
    response = wrapped_callback(request, *callback_args, **callback_kwargs)
  File "D:\college_placement_system\venv\Lib\site-packages\django\views\decorators\csrf.py", line 65, in _view_wrapper
    return view_func(request, *args, **kwargs)
  File "D:\college_placement_system\venv\Lib\site-packages\django\views\generic\base.py", line 106, in view
    return self.dispatch(request, *args, **kwargs)
           ~~~~~~~~~~~~~^^^^^^^^^^^^^^^^^^^^^^^^^^
  File "D:\college_placement_system\venv\Lib\site-packages\rest_framework\views.py", line 515, in dispatch
    response = self.handle_exception(exc)
  File "D:\college_placement_system\venv\Lib\site-packages\rest_framework\views.py", line 475, in handle_exception
    self.raise_uncaught_exception(exc)
    ~~~~~~~~~~~~~~~~~~~~~~~~~~~~~^^^^^
  File "D:\college_placement_system\venv\Lib\site-packages\rest_framework\views.py", line 486, in raise_uncaught_exception
    raise exc
  File "D:\college_placement_system\venv\Lib\site-packages\rest_framework\views.py", line 512, in dispatch
    response = handler(request, *args, **kwargs)
  File "D:\college_placement_system\placement_project\students\views.py", line 160, in get
    notifications = Notification.objects.filter(
                    ~~~~~~~~~~~~~~~~~~~~~~~~~~~^
        student=student
        ^^^^^^^^^^^^^^^
    ).count()
    ^
  File "D:\college_placement_system\venv\Lib\site-packages\django\db\models\manager.py", line 87, in manager_method
    return getattr(self.get_queryset(), name)(*args, **kwargs)
           ~~~~~~~~~~~~~~~~~~~~~~~~~~~~~~~~~~^^^^^^^^^^^^^^^^^
  File "D:\college_placement_system\venv\Lib\site-packages\django\db\models\query.py", line 1542, in filter
    return self._filter_or_exclude(False, args, kwargs)
           ~~~~~~~~~~~~~~~~~~~~~~~^^^^^^^^^^^^^^^^^^^^^
  File "D:\college_placement_system\venv\Lib\site-packages\django\db\models\query.py", line 1560, in _filter_or_exclude
    clone._filter_or_exclude_inplace(negate, args, kwargs)
    ~~~~~~~~~~~~~~~~~~~~~~~~~~~~~~~~^^^^^^^^^^^^^^^^^^^^^^
  File "D:\college_placement_system\venv\Lib\site-packages\django\db\models\query.py", line 1570, in _filter_or_exclude_inplace
    self._query.add_q(Q(*args, **kwargs))
    ~~~~~~~~~~~~~~~~~^^^^^^^^^^^^^^^^^^^^
  File "D:\college_placement_system\venv\Lib\site-packages\django\db\models\sql\query.py", line 1676, in add_q
    clause, _ = self._add_q(q_object, can_reuse)
                ~~~~~~~~~~~^^^^^^^^^^^^^^^^^^^^^
  File "D:\college_placement_system\venv\Lib\site-packages\django\db\models\sql\query.py", line 1708, in _add_q
    child_clause, needed_inner = self.build_filter(
                                 ~~~~~~~~~~~~~~~~~^
        child,
        ^^^^^^
    ...<7 lines>...
        update_join_types=update_join_types,
        ^^^^^^^^^^^^^^^^^^^^^^^^^^^^^^^^^^^^
    )
    ^
  File "D:\college_placement_system\venv\Lib\site-packages\django\db\models\sql\query.py", line 1556, in build_filter
    lookups, parts, reffed_expression = self.solve_lookup_type(arg, summarize)
                                        ~~~~~~~~~~~~~~~~~~~~~~^^^^^^^^^^^^^^^^
  File "D:\college_placement_system\venv\Lib\site-packages\django\db\models\sql\query.py", line 1363, in solve_lookup_type
    _, field, _, lookup_parts = self.names_to_path(lookup_splitted, self.get_meta())
                                ~~~~~~~~~~~~~~~~~~^^^^^^^^^^^^^^^^^^^^^^^^^^^^^^^^^^
  File "D:\college_placement_system\venv\Lib\site-packages\django\db\models\sql\query.py", line 1842, in names_to_path
    raise FieldError(
    ...<2 lines>...
    )
django.core.exceptions.FieldError: Cannot resolve keyword 'student' into field. Choices are: created_at, id, is_read, message, recipient, recipient_id, title
ERROR 2026-08-08 17:08:10,838 django.request Internal Server Error: /students/dashboard/
Traceback (most recent call last):
  File "D:\college_placement_system\venv\Lib\site-packages\django\core\handlers\exception.py", line 55, in inner
    response = get_response(request)
  File "D:\college_placement_system\venv\Lib\site-packages\django\core\handlers\base.py", line 198, in _get_response
    response = wrapped_callback(request, *callback_args, **callback_kwargs)
  File "D:\college_placement_system\venv\Lib\site-packages\django\views\decorators\csrf.py", line 65, in _view_wrapper
    return view_func(request, *args, **kwargs)
  File "D:\college_placement_system\venv\Lib\site-packages\django\views\generic\base.py", line 106, in view
    return self.dispatch(request, *args, **kwargs)
           ~~~~~~~~~~~~~^^^^^^^^^^^^^^^^^^^^^^^^^^
  File "D:\college_placement_system\venv\Lib\site-packages\rest_framework\views.py", line 515, in dispatch
    response = self.handle_exception(exc)
  File "D:\college_placement_system\venv\Lib\site-packages\rest_framework\views.py", line 475, in handle_exception
    self.raise_uncaught_exception(exc)
    ~~~~~~~~~~~~~~~~~~~~~~~~~~~~~^^^^^
  File "D:\college_placement_system\venv\Lib\site-packages\rest_framework\views.py", line 486, in raise_uncaught_exception
    raise exc
  File "D:\college_placement_system\venv\Lib\site-packages\rest_framework\views.py", line 512, in dispatch
    response = handler(request, *args, **kwargs)
  File "D:\college_placement_system\placement_project\students\views.py", line 160, in get
    notifications = Notification.objects.filter(
                    ~~~~~~~~~~~~~~~~~~~~~~~~~~~^
        student=student
        ^^^^^^^^^^^^^^^
    ).count()
    ^
  File "D:\college_placement_system\venv\Lib\site-packages\django\db\models\manager.py", line 87, in manager_method
    return getattr(self.get_queryset(), name)(*args, **kwargs)
           ~~~~~~~~~~~~~~~~~~~~~~~~~~~~~~~~~~^^^^^^^^^^^^^^^^^
  File "D:\college_placement_system\venv\Lib\site-packages\django\db\models\query.py", line 1542, in filter
    return self._filter_or_exclude(False, args, kwargs)
           ~~~~~~~~~~~~~~~~~~~~~~~^^^^^^^^^^^^^^^^^^^^^
  File "D:\college_placement_system\venv\Lib\site-packages\django\db\models\query.py", line 1560, in _filter_or_exclude
    clone._filter_or_exclude_inplace(negate, args, kwargs)
    ~~~~~~~~~~~~~~~~~~~~~~~~~~~~~~~~^^^^^^^^^^^^^^^^^^^^^^
  File "D:\college_placement_system\venv\Lib\site-packages\django\db\models\query.py", line 1570, in _filter_or_exclude_inplace
    self._query.add_q(Q(*args, **kwargs))
    ~~~~~~~~~~~~~~~~~^^^^^^^^^^^^^^^^^^^^
  File "D:\college_placement_system\venv\Lib\site-packages\django\db\models\sql\query.py", line 1676, in add_q
    clause, _ = self._add_q(q_object, can_reuse)
                ~~~~~~~~~~~^^^^^^^^^^^^^^^^^^^^^
  File "D:\college_placement_system\venv\Lib\site-packages\django\db\models\sql\query.py", line 1708, in _add_q
    child_clause, needed_inner = self.build_filter(
                                 ~~~~~~~~~~~~~~~~~^
        child,
        ^^^^^^
    ...<7 lines>...
        update_join_types=update_join_types,
        ^^^^^^^^^^^^^^^^^^^^^^^^^^^^^^^^^^^^
    )
    ^
  File "D:\college_placement_system\venv\Lib\site-packages\django\db\models\sql\query.py", line 1556, in build_filter
    lookups, parts, reffed_expression = self.solve_lookup_type(arg, summarize)
                                        ~~~~~~~~~~~~~~~~~~~~~~^^^^^^^^^^^^^^^^
  File "D:\college_placement_system\venv\Lib\site-packages\django\db\models\sql\query.py", line 1363, in solve_lookup_type
    _, field, _, lookup_parts = self.names_to_path(lookup_splitted, self.get_meta())
                                ~~~~~~~~~~~~~~~~~~^^^^^^^^^^^^^^^^^^^^^^^^^^^^^^^^^^
  File "D:\college_placement_system\venv\Lib\site-packages\django\db\models\sql\query.py", line 1842, in names_to_path
    raise FieldError(
    ...<2 lines>...
    )
django.core.exceptions.FieldError: Cannot resolve keyword 'student' into field. Choices are: created_at, id, is_read, message, recipient, recipient_id, title
INFO 2026-08-08 17:15:26,314 django.utils.autoreload D:\college_placement_system\placement_project\students\views.py changed, reloading.
INFO 2026-08-08 17:15:26,330 django.utils.autoreload D:\college_placement_system\placement_project\students\views.py changed, reloading.
INFO 2026-08-08 17:15:26,332 django.utils.autoreload D:\college_placement_system\placement_project\students\views.py changed, reloading.
INFO 2026-08-08 17:15:27,557 django.utils.autoreload Watching for file changes with StatReloader
INFO 2026-08-08 17:15:27,563 django.utils.autoreload Watching for file changes with StatReloader
INFO 2026-08-08 17:15:27,575 django.utils.autoreload Watching for file changes with StatReloader
INFO 2026-08-08 17:15:59,746 django.utils.autoreload D:\college_placement_system\placement_project\students\views.py changed, reloading.
INFO 2026-08-08 17:15:59,747 django.utils.autoreload D:\college_placement_system\placement_project\students\views.py changed, reloading.
INFO 2026-08-08 17:15:59,748 django.utils.autoreload D:\college_placement_system\placement_project\students\views.py changed, reloading.
INFO 2026-08-08 17:16:00,559 django.utils.autoreload Watching for file changes with StatReloader
INFO 2026-08-08 17:16:00,560 django.utils.autoreload Watching for file changes with StatReloader
INFO 2026-08-08 17:16:00,565 django.utils.autoreload Watching for file changes with StatReloader
WARNING 2026-08-08 17:42:03,019 django.request Unauthorized: /applications/
WARNING 2026-08-08 17:42:03,032 django.request Unauthorized: /applications/
WARNING 2026-08-08 18:23:52,836 django.request Unauthorized: /applications/
WARNING 2026-08-08 18:23:52,854 django.request Unauthorized: /applications/
WARNING 2026-08-08 18:28:54,432 django.request Unauthorized: /applications/
INFO 2026-08-08 18:43:22,205 django.utils.autoreload D:\college_placement_system\placement_project\companies\views.py changed, reloading.
INFO 2026-08-08 18:43:22,205 django.utils.autoreload D:\college_placement_system\placement_project\companies\views.py changed, reloading.
INFO 2026-08-08 18:43:22,208 django.utils.autoreload D:\college_placement_system\placement_project\companies\views.py changed, reloading.
INFO 2026-08-08 18:43:23,541 django.utils.autoreload Watching for file changes with StatReloader
INFO 2026-08-08 18:43:23,548 django.utils.autoreload Watching for file changes with StatReloader
INFO 2026-08-08 18:43:23,575 django.utils.autoreload Watching for file changes with StatReloader
INFO 2026-08-08 18:44:19,723 django.utils.autoreload D:\college_placement_system\placement_project\companies\urls.py changed, reloading.
INFO 2026-08-08 18:44:19,727 django.utils.autoreload D:\college_placement_system\placement_project\companies\urls.py changed, reloading.
INFO 2026-08-08 18:44:19,735 django.utils.autoreload D:\college_placement_system\placement_project\companies\urls.py changed, reloading.
INFO 2026-08-08 18:44:20,808 django.utils.autoreload Watching for file changes with StatReloader
INFO 2026-08-08 18:44:20,822 django.utils.autoreload Watching for file changes with StatReloader
INFO 2026-08-08 18:44:20,861 django.utils.autoreload Watching for file changes with StatReloader
WARNING 2026-08-08 18:44:53,126 django.request Unauthorized: /companies/dashboard/
WARNING 2026-08-08 19:00:28,431 django.request Unauthorized: /companies/dashboard/
WARNING 2026-08-08 19:00:28,439 django.request Unauthorized: /companies/dashboard/
WARNING 2026-08-08 19:10:34,475 django.request Unauthorized: /jobs/api/
WARNING 2026-08-08 19:10:34,506 django.request Unauthorized: /jobs/api/
WARNING 2026-08-08 19:12:07,071 django.request Unauthorized: /jobs/api/
WARNING 2026-08-08 19:12:07,075 django.request Unauthorized: /jobs/api/
WARNING 2026-08-08 20:21:06,746 django.request Unauthorized: /jobs/api/
WARNING 2026-08-08 20:21:06,757 django.request Unauthorized: /jobs/api/
WARNING 2026-08-08 20:22:41,043 django.request Unauthorized: /jobs/api/
WARNING 2026-08-08 20:22:41,047 django.request Unauthorized: /jobs/api/
WARNING 2026-08-08 20:25:16,988 django.request Unauthorized: /jobs/api/
WARNING 2026-08-08 20:25:16,997 django.request Unauthorized: /jobs/api/
WARNING 2026-08-08 20:32:42,400 django.request Unauthorized: /jobs/api/
WARNING 2026-08-08 20:37:08,389 django.request Unauthorized: /jobs/api/
INFO 2026-08-08 20:40:30,535 django.utils.autoreload D:\college_placement_system\placement_project\jobs\serializers.py changed, reloading.
INFO 2026-08-08 20:40:30,546 django.utils.autoreload D:\college_placement_system\placement_project\jobs\serializers.py changed, reloading.
INFO 2026-08-08 20:40:30,552 django.utils.autoreload D:\college_placement_system\placement_project\jobs\serializers.py changed, reloading.
INFO 2026-08-08 20:40:31,449 django.utils.autoreload Watching for file changes with StatReloader
INFO 2026-08-08 20:40:31,452 django.utils.autoreload Watching for file changes with StatReloader
INFO 2026-08-08 20:40:31,460 django.utils.autoreload Watching for file changes with StatReloader
INFO 2026-08-08 20:45:04,769 django.utils.autoreload D:\college_placement_system\placement_project\jobs\views.py changed, reloading.
INFO 2026-08-08 20:45:04,778 django.utils.autoreload D:\college_placement_system\placement_project\jobs\views.py changed, reloading.
INFO 2026-08-08 20:45:05,231 django.utils.autoreload D:\college_placement_system\placement_project\jobs\views.py changed, reloading.
INFO 2026-08-08 20:45:05,471 django.utils.autoreload Watching for file changes with StatReloader
INFO 2026-08-08 20:45:05,473 django.utils.autoreload Watching for file changes with StatReloader
INFO 2026-08-08 20:45:05,952 django.utils.autoreload Watching for file changes with StatReloader
INFO 2026-08-08 20:46:02,465 django.utils.autoreload D:\college_placement_system\placement_project\jobs\urls.py changed, reloading.
INFO 2026-08-08 20:46:02,466 django.utils.autoreload D:\college_placement_system\placement_project\jobs\urls.py changed, reloading.
INFO 2026-08-08 20:46:02,467 django.utils.autoreload D:\college_placement_system\placement_project\jobs\urls.py changed, reloading.
INFO 2026-08-08 20:46:17,863 django.utils.autoreload Watching for file changes with StatReloader
INFO 2026-08-08 20:46:17,863 django.utils.autoreload Watching for file changes with StatReloader
INFO 2026-08-08 20:46:55,402 django.utils.autoreload D:\college_placement_system\placement_project\jobs\urls.py changed, reloading.
INFO 2026-08-08 20:46:55,416 django.utils.autoreload D:\college_placement_system\placement_project\jobs\urls.py changed, reloading.
INFO 2026-08-08 20:46:55,416 django.utils.autoreload D:\college_placement_system\placement_project\jobs\urls.py changed, reloading.
INFO 2026-08-08 20:46:56,237 django.utils.autoreload Watching for file changes with StatReloader
INFO 2026-08-08 20:46:56,248 django.utils.autoreload Watching for file changes with StatReloader
INFO 2026-08-08 20:46:56,354 django.utils.autoreload Watching for file changes with StatReloader
INFO 2026-08-08 21:31:06,218 django.utils.autoreload D:\college_placement_system\placement_project\applications\serializers.py changed, reloading.
INFO 2026-08-08 21:31:06,230 django.utils.autoreload D:\college_placement_system\placement_project\applications\serializers.py changed, reloading.
INFO 2026-08-08 21:31:06,235 django.utils.autoreload D:\college_placement_system\placement_project\applications\serializers.py changed, reloading.
INFO 2026-08-08 21:31:07,076 django.utils.autoreload Watching for file changes with StatReloader
INFO 2026-08-08 21:31:07,081 django.utils.autoreload Watching for file changes with StatReloader
INFO 2026-08-08 21:31:07,119 django.utils.autoreload Watching for file changes with StatReloader
WARNING 2026-08-08 21:43:03,779 django.request Bad Request: /accounts/api/login/
WARNING 2026-08-08 22:14:20,084 django.request Unauthorized: /companies/dashboard/
WARNING 2026-08-08 22:14:20,097 django.request Unauthorized: /companies/dashboard/
WARNING 2026-08-08 22:25:15,175 django.request Unauthorized: /companies/dashboard/
WARNING 2026-08-08 22:25:15,180 django.request Unauthorized: /companies/dashboard/
WARNING 2026-08-08 22:25:36,811 django.request Unauthorized: /companies/dashboard/
WARNING 2026-08-08 22:25:36,817 django.request Unauthorized: /companies/dashboard/
WARNING 2026-08-08 22:42:43,998 django.request Unauthorized: /companies/dashboard/
WARNING 2026-08-08 22:42:44,003 django.request Unauthorized: /companies/dashboard/
WARNING 2026-08-09 18:43:46,200 django.request Unauthorized: /companies/dashboard/
WARNING 2026-08-09 18:43:46,204 django.request Unauthorized: /companies/dashboard/
WARNING 2026-08-09 18:50:02,076 django.request Unauthorized: /companies/dashboard/
WARNING 2026-08-09 18:50:02,100 django.request Unauthorized: /companies/dashboard/
INFO 2026-08-09 19:12:18,844 django.utils.autoreload D:\college_placement_system\placement_project\companies\views.py changed, reloading.
INFO 2026-08-09 19:12:18,860 django.utils.autoreload D:\college_placement_system\placement_project\companies\views.py changed, reloading.
INFO 2026-08-09 19:12:19,439 django.utils.autoreload D:\college_placement_system\placement_project\companies\views.py changed, reloading.
INFO 2026-08-09 19:12:19,895 django.utils.autoreload Watching for file changes with StatReloader
INFO 2026-08-09 19:12:19,900 django.utils.autoreload Watching for file changes with StatReloader
INFO 2026-08-09 19:12:20,245 django.utils.autoreload Watching for file changes with StatReloader
INFO 2026-08-09 19:15:45,614 django.utils.autoreload D:\college_placement_system\placement_project\companies\urls.py changed, reloading.
INFO 2026-08-09 19:15:45,614 django.utils.autoreload D:\college_placement_system\placement_project\companies\urls.py changed, reloading.
INFO 2026-08-09 19:15:45,633 django.utils.autoreload D:\college_placement_system\placement_project\companies\urls.py changed, reloading.
INFO 2026-08-09 19:15:46,447 django.utils.autoreload Watching for file changes with StatReloader
INFO 2026-08-09 19:15:46,449 django.utils.autoreload Watching for file changes with StatReloader
INFO 2026-08-09 19:15:46,475 django.utils.autoreload Watching for file changes with StatReloader
WARNING 2026-08-09 19:58:12,771 django.request Unauthorized: /companies/profile/
WARNING 2026-08-09 19:58:12,777 django.request Unauthorized: /companies/profile/
WARNING 2026-08-09 20:08:01,404 django.request Unauthorized: /companies/profile/
WARNING 2026-08-09 20:08:01,409 django.request Unauthorized: /companies/profile/
WARNING 2026-08-09 20:14:38,383 django.request Unauthorized: /companies/profile/
WARNING 2026-08-09 20:14:38,388 django.request Unauthorized: /companies/profile/
WARNING 2026-08-09 20:22:47,844 django.request Unauthorized: /companies/dashboard/
WARNING 2026-08-09 20:22:47,852 django.request Unauthorized: /companies/dashboard/
WARNING 2026-08-09 20:22:50,118 django.request Unauthorized: /companies/profile/
WARNING 2026-08-09 20:22:50,124 django.request Unauthorized: /companies/profile/
WARNING 2026-08-09 20:22:51,338 django.request Unauthorized: /companies/dashboard/
WARNING 2026-08-09 20:22:51,344 django.request Unauthorized: /companies/dashboard/
WARNING 2026-08-09 20:23:04,924 django.request Unauthorized: /companies/profile/
WARNING 2026-08-09 20:23:04,931 django.request Unauthorized: /companies/profile/
WARNING 2026-08-09 20:30:08,091 django.request Bad Request: /companies/profile/update/
WARNING 2026-08-09 20:30:09,850 django.request Bad Request: /companies/profile/update/
WARNING 2026-08-09 20:30:10,045 django.request Bad Request: /companies/profile/update/
WARNING 2026-08-09 20:30:10,216 django.request Bad Request: /companies/profile/update/
WARNING 2026-08-09 20:30:10,594 django.request Bad Request: /companies/profile/update/
WARNING 2026-08-09 20:30:10,963 django.request Bad Request: /companies/profile/update/
WARNING 2026-08-09 20:30:11,145 django.request Bad Request: /companies/profile/update/
WARNING 2026-08-09 20:30:15,850 django.request Bad Request: /companies/profile/update/
WARNING 2026-08-09 20:30:16,647 django.request Bad Request: /companies/profile/update/
WARNING 2026-08-09 20:30:16,774 django.request Bad Request: /companies/profile/update/
WARNING 2026-08-09 20:30:16,999 django.request Bad Request: /companies/profile/update/
WARNING 2026-08-09 20:30:17,153 django.request Bad Request: /companies/profile/update/
WARNING 2026-08-09 20:30:17,333 django.request Bad Request: /companies/profile/update/
WARNING 2026-08-09 20:30:17,500 django.request Bad Request: /companies/profile/update/
WARNING 2026-08-09 20:30:17,674 django.request Bad Request: /companies/profile/update/
WARNING 2026-08-09 20:30:17,885 django.request Bad Request: /companies/profile/update/
WARNING 2026-08-09 20:30:18,089 django.request Bad Request: /companies/profile/update/
WARNING 2026-08-09 20:30:44,779 django.request Bad Request: /companies/profile/update/
WARNING 2026-08-09 20:30:45,965 django.request Bad Request: /companies/profile/update/
WARNING 2026-08-09 20:30:46,162 django.request Bad Request: /companies/profile/update/
WARNING 2026-08-09 20:30:46,360 django.request Bad Request: /companies/profile/update/
WARNING 2026-08-09 20:30:46,560 django.request Bad Request: /companies/profile/update/
WARNING 2026-08-09 20:30:46,733 django.request Bad Request: /companies/profile/update/
WARNING 2026-08-09 20:30:46,950 django.request Bad Request: /companies/profile/update/
WARNING 2026-08-09 20:30:47,149 django.request Bad Request: /companies/profile/update/
WARNING 2026-08-09 20:30:47,364 django.request Bad Request: /companies/profile/update/
WARNING 2026-08-09 20:34:00,869 django.request Bad Request: /companies/profile/update/
INFO 2026-08-09 20:42:33,013 django.utils.autoreload D:\college_placement_system\placement_project\companies\views.py changed, reloading.
INFO 2026-08-09 20:42:33,019 django.utils.autoreload D:\college_placement_system\placement_project\companies\views.py changed, reloading.
INFO 2026-08-09 20:42:33,028 django.utils.autoreload D:\college_placement_system\placement_project\companies\views.py changed, reloading.
INFO 2026-08-09 20:42:47,977 django.utils.autoreload Watching for file changes with StatReloader
INFO 2026-08-09 20:42:47,977 django.utils.autoreload Watching for file changes with StatReloader
INFO 2026-08-09 20:42:47,977 django.utils.autoreload Watching for file changes with StatReloader
INFO 2026-08-09 20:43:37,847 django.utils.autoreload D:\college_placement_system\placement_project\companies\views.py changed, reloading.
INFO 2026-08-09 20:43:37,847 django.utils.autoreload D:\college_placement_system\placement_project\companies\views.py changed, reloading.
INFO 2026-08-09 20:43:37,858 django.utils.autoreload D:\college_placement_system\placement_project\companies\views.py changed, reloading.
INFO 2026-08-09 20:43:38,484 django.utils.autoreload Watching for file changes with StatReloader
INFO 2026-08-09 20:43:38,519 django.utils.autoreload Watching for file changes with StatReloader
INFO 2026-08-09 20:43:38,536 django.utils.autoreload Watching for file changes with StatReloader
WARNING 2026-08-09 20:56:46,981 django.request Unauthorized: /companies/profile/
WARNING 2026-08-09 20:56:46,986 django.request Unauthorized: /companies/profile/
INFO 2026-08-09 21:05:08,723 django.utils.autoreload D:\college_placement_system\placement_project\applications\views.py changed, reloading.
INFO 2026-08-09 21:05:08,727 django.utils.autoreload D:\college_placement_system\placement_project\applications\views.py changed, reloading.
INFO 2026-08-09 21:05:08,744 django.utils.autoreload D:\college_placement_system\placement_project\applications\views.py changed, reloading.
INFO 2026-08-09 21:05:09,434 django.utils.autoreload Watching for file changes with StatReloader
INFO 2026-08-09 21:05:09,434 django.utils.autoreload Watching for file changes with StatReloader
INFO 2026-08-09 21:09:03,079 django.utils.autoreload D:\college_placement_system\placement_project\applications\views.py changed, reloading.
INFO 2026-08-09 21:09:03,092 django.utils.autoreload D:\college_placement_system\placement_project\applications\views.py changed, reloading.
INFO 2026-08-09 21:09:03,307 django.utils.autoreload D:\college_placement_system\placement_project\applications\views.py changed, reloading.
INFO 2026-08-09 21:09:03,934 django.utils.autoreload Watching for file changes with StatReloader
INFO 2026-08-09 21:09:03,937 django.utils.autoreload Watching for file changes with StatReloader
INFO 2026-08-09 21:09:04,151 django.utils.autoreload Watching for file changes with StatReloader
INFO 2026-08-09 21:11:18,616 django.utils.autoreload D:\college_placement_system\placement_project\applications\urls.py changed, reloading.
INFO 2026-08-09 21:11:19,121 django.utils.autoreload Watching for file changes with StatReloader
INFO 2026-08-09 21:11:19,438 django.utils.autoreload D:\college_placement_system\placement_project\applications\urls.py changed, reloading.
INFO 2026-08-09 21:11:19,454 django.utils.autoreload D:\college_placement_system\placement_project\applications\urls.py changed, reloading.
INFO 2026-08-09 21:11:19,964 django.utils.autoreload Watching for file changes with StatReloader
INFO 2026-08-09 21:11:19,972 django.utils.autoreload Watching for file changes with StatReloader
INFO 2026-08-09 21:21:33,543 django.utils.autoreload D:\college_placement_system\placement_project\applications\serializers.py changed, reloading.
INFO 2026-08-09 21:21:33,545 django.utils.autoreload D:\college_placement_system\placement_project\applications\serializers.py changed, reloading.
INFO 2026-08-09 21:21:34,039 django.utils.autoreload D:\college_placement_system\placement_project\applications\serializers.py changed, reloading.
INFO 2026-08-09 21:21:34,336 django.utils.autoreload Watching for file changes with StatReloader
INFO 2026-08-09 21:21:34,351 django.utils.autoreload Watching for file changes with StatReloader
INFO 2026-08-09 21:21:34,769 django.utils.autoreload Watching for file changes with StatReloader
WARNING 2026-08-10 00:12:25,694 django.request Unauthorized: /companies/profile/
WARNING 2026-08-10 00:12:25,700 django.request Unauthorized: /companies/profile/
WARNING 2026-08-10 00:16:20,363 django.request Unauthorized: /companies/profile/
WARNING 2026-08-10 00:16:20,373 django.request Unauthorized: /companies/profile/
INFO 2026-08-10 00:23:45,792 django.utils.autoreload D:\college_placement_system\placement_project\notifications\serializers.py changed, reloading.
INFO 2026-08-10 00:23:45,796 django.utils.autoreload D:\college_placement_system\placement_project\notifications\serializers.py changed, reloading.
INFO 2026-08-10 00:23:45,808 django.utils.autoreload D:\college_placement_system\placement_project\notifications\serializers.py changed, reloading.
INFO 2026-08-10 00:23:46,687 django.utils.autoreload Watching for file changes with StatReloader
INFO 2026-08-10 00:23:46,688 django.utils.autoreload Watching for file changes with StatReloader
INFO 2026-08-10 00:23:46,691 django.utils.autoreload Watching for file changes with StatReloader
INFO 2026-08-10 00:28:36,474 django.utils.autoreload D:\college_placement_system\placement_project\applications\views.py changed, reloading.
INFO 2026-08-10 00:28:36,492 django.utils.autoreload D:\college_placement_system\placement_project\applications\views.py changed, reloading.
INFO 2026-08-10 00:28:36,504 django.utils.autoreload D:\college_placement_system\placement_project\applications\views.py changed, reloading.
INFO 2026-08-10 00:28:37,371 django.utils.autoreload Watching for file changes with StatReloader
INFO 2026-08-10 00:28:37,410 django.utils.autoreload Watching for file changes with StatReloader
INFO 2026-08-10 00:28:37,444 django.utils.autoreload Watching for file changes with StatReloader
WARNING 2026-08-10 01:03:40,535 django.request Bad Request: /accounts/api/login/
WARNING 2026-08-10 01:03:50,600 django.request Bad Request: /accounts/api/login/
ERROR 2026-08-10 01:05:23,423 django.request Internal Server Error: /accounts/api/register/
Traceback (most recent call last):
  File "D:\college_placement_system\venv\Lib\site-packages\django\db\backends\utils.py", line 105, in _execute
    return self.cursor.execute(sql, params)
           ~~~~~~~~~~~~~~~~~~~^^^^^^^^^^^^^
  File "D:\college_placement_system\venv\Lib\site-packages\django\db\backends\mysql\base.py", line 78, in execute
    return self.cursor.execute(query, args)
           ~~~~~~~~~~~~~~~~~~~^^^^^^^^^^^^^
  File "D:\college_placement_system\venv\Lib\site-packages\pymysql\cursors.py", line 159, in execute
    result = self._query(query)
  File "D:\college_placement_system\venv\Lib\site-packages\pymysql\cursors.py", line 330, in _query
    conn.query(q)
    ~~~~~~~~~~^^^
  File "D:\college_placement_system\venv\Lib\site-packages\pymysql\connections.py", line 582, in query
    self._affected_rows = self._read_query_result(unbuffered=unbuffered)
                          ~~~~~~~~~~~~~~~~~~~~~~~^^^^^^^^^^^^^^^^^^^^^^^
  File "D:\college_placement_system\venv\Lib\site-packages\pymysql\connections.py", line 847, in _read_query_result
    result.read()
    ~~~~~~~~~~~^^
  File "D:\college_placement_system\venv\Lib\site-packages\pymysql\connections.py", line 1245, in read
    first_packet = self.connection._read_packet()
  File "D:\college_placement_system\venv\Lib\site-packages\pymysql\connections.py", line 803, in _read_packet
    packet.raise_for_error()
    ~~~~~~~~~~~~~~~~~~~~~~^^
  File "D:\college_placement_system\venv\Lib\site-packages\pymysql\protocol.py", line 219, in raise_for_error
    err.raise_mysql_exception(self._data)
    ~~~~~~~~~~~~~~~~~~~~~~~~~^^^^^^^^^^^^
  File "D:\college_placement_system\venv\Lib\site-packages\pymysql\err.py", line 154, in raise_mysql_exception
    raise errorclass(errno, errval, sqlstate=sqlstate)
pymysql.err.IntegrityError: (1062, "Duplicate entry 'NIkhil' for key 'accounts_customuser.username'")

The above exception was the direct cause of the following exception:

Traceback (most recent call last):
  File "D:\college_placement_system\venv\Lib\site-packages\django\core\handlers\exception.py", line 55, in inner
    response = get_response(request)
  File "D:\college_placement_system\venv\Lib\site-packages\django\core\handlers\base.py", line 198, in _get_response
    response = wrapped_callback(request, *callback_args, **callback_kwargs)
  File "D:\college_placement_system\venv\Lib\site-packages\django\views\decorators\csrf.py", line 65, in _view_wrapper
    return view_func(request, *args, **kwargs)
  File "D:\college_placement_system\venv\Lib\site-packages\django\views\generic\base.py", line 106, in view
    return self.dispatch(request, *args, **kwargs)
           ~~~~~~~~~~~~~^^^^^^^^^^^^^^^^^^^^^^^^^^
  File "D:\college_placement_system\venv\Lib\site-packages\rest_framework\views.py", line 515, in dispatch
    response = self.handle_exception(exc)
  File "D:\college_placement_system\venv\Lib\site-packages\rest_framework\views.py", line 475, in handle_exception
    self.raise_uncaught_exception(exc)
    ~~~~~~~~~~~~~~~~~~~~~~~~~~~~~^^^^^
  File "D:\college_placement_system\venv\Lib\site-packages\rest_framework\views.py", line 486, in raise_uncaught_exception
    raise exc
  File "D:\college_placement_system\venv\Lib\site-packages\rest_framework\views.py", line 512, in dispatch
    response = handler(request, *args, **kwargs)
  File "D:\college_placement_system\venv\Lib\site-packages\rest_framework\generics.py", line 194, in post
    return self.create(request, *args, **kwargs)
           ~~~~~~~~~~~^^^^^^^^^^^^^^^^^^^^^^^^^^
  File "D:\college_placement_system\venv\Lib\site-packages\rest_framework\mixins.py", line 19, in create
    self.perform_create(serializer)
    ~~~~~~~~~~~~~~~~~~~^^^^^^^^^^^^
  File "D:\college_placement_system\venv\Lib\site-packages\rest_framework\mixins.py", line 24, in perform_create
    serializer.save()
    ~~~~~~~~~~~~~~~^^
  File "D:\college_placement_system\venv\Lib\site-packages\rest_framework\serializers.py", line 210, in save
    self.instance = self.create(validated_data)
                    ~~~~~~~~~~~^^^^^^^^^^^^^^^^
  File "D:\college_placement_system\placement_project\accounts\serializers.py", line 60, in create
    user.save()
    ~~~~~~~~~^^
  File "D:\college_placement_system\venv\Lib\site-packages\django\contrib\auth\base_user.py", line 62, in save
    super().save(**kwargs)
    ~~~~~~~~~~~~^^^^^^^^^^
  File "D:\college_placement_system\venv\Lib\site-packages\django\db\models\base.py", line 874, in save
    self.save_base(
    ~~~~~~~~~~~~~~^
        using=using,
        ^^^^^^^^^^^^
    ...<2 lines>...
        update_fields=update_fields,
        ^^^^^^^^^^^^^^^^^^^^^^^^^^^^
    )
    ^
  File "D:\college_placement_system\venv\Lib\site-packages\django\db\models\base.py", line 966, in save_base
    updated = self._save_table(
        raw,
    ...<4 lines>...
        update_fields,
    )
  File "D:\college_placement_system\venv\Lib\site-packages\django\db\models\base.py", line 1169, in _save_table
    results = self._do_insert(
        cls._base_manager, using, insert_fields, returning_fields, raw
    )
  File "D:\college_placement_system\venv\Lib\site-packages\django\db\models\base.py", line 1220, in _do_insert
    return manager._insert(
           ~~~~~~~~~~~~~~~^
        [self],
        ^^^^^^^
    ...<3 lines>...
        raw=raw,
        ^^^^^^^^
    )
    ^
  File "D:\college_placement_system\venv\Lib\site-packages\django\db\models\manager.py", line 87, in manager_method
    return getattr(self.get_queryset(), name)(*args, **kwargs)
           ~~~~~~~~~~~~~~~~~~~~~~~~~~~~~~~~~~^^^^^^^^^^^^^^^^^
  File "D:\college_placement_system\venv\Lib\site-packages\django\db\models\query.py", line 1918, in _insert
    return query.get_compiler(using=using).execute_sql(returning_fields)
           ~~~~~~~~~~~~~~~~~~~~~~~~~~~~~~~~~~~~~~~~~~~^^^^^^^^^^^^^^^^^^
  File "D:\college_placement_system\venv\Lib\site-packages\django\db\models\sql\compiler.py", line 1925, in execute_sql
    cursor.execute(sql, params)
    ~~~~~~~~~~~~~~^^^^^^^^^^^^^
  File "D:\college_placement_system\venv\Lib\site-packages\django\db\backends\utils.py", line 122, in execute
    return super().execute(sql, params)
           ~~~~~~~~~~~~~~~^^^^^^^^^^^^^
  File "D:\college_placement_system\venv\Lib\site-packages\django\db\backends\utils.py", line 79, in execute
    return self._execute_with_wrappers(
           ~~~~~~~~~~~~~~~~~~~~~~~~~~~^
        sql, params, many=False, executor=self._execute
        ^^^^^^^^^^^^^^^^^^^^^^^^^^^^^^^^^^^^^^^^^^^^^^^
    )
    ^
  File "D:\college_placement_system\venv\Lib\site-packages\django\db\backends\utils.py", line 92, in _execute_with_wrappers
    return executor(sql, params, many, context)
  File "D:\college_placement_system\venv\Lib\site-packages\django\db\backends\utils.py", line 100, in _execute
    with self.db.wrap_database_errors:
         ^^^^^^^^^^^^^^^^^^^^^^^^^^^^
  File "D:\college_placement_system\venv\Lib\site-packages\django\db\utils.py", line 94, in __exit__
    raise dj_exc_value.with_traceback(traceback) from exc_value
  File "D:\college_placement_system\venv\Lib\site-packages\django\db\backends\utils.py", line 105, in _execute
    return self.cursor.execute(sql, params)
           ~~~~~~~~~~~~~~~~~~~^^^^^^^^^^^^^
  File "D:\college_placement_system\venv\Lib\site-packages\django\db\backends\mysql\base.py", line 78, in execute
    return self.cursor.execute(query, args)
           ~~~~~~~~~~~~~~~~~~~^^^^^^^^^^^^^
  File "D:\college_placement_system\venv\Lib\site-packages\pymysql\cursors.py", line 159, in execute
    result = self._query(query)
  File "D:\college_placement_system\venv\Lib\site-packages\pymysql\cursors.py", line 330, in _query
    conn.query(q)
    ~~~~~~~~~~^^^
  File "D:\college_placement_system\venv\Lib\site-packages\pymysql\connections.py", line 582, in query
    self._affected_rows = self._read_query_result(unbuffered=unbuffered)
                          ~~~~~~~~~~~~~~~~~~~~~~~^^^^^^^^^^^^^^^^^^^^^^^
  File "D:\college_placement_system\venv\Lib\site-packages\pymysql\connections.py", line 847, in _read_query_result
    result.read()
    ~~~~~~~~~~~^^
  File "D:\college_placement_system\venv\Lib\site-packages\pymysql\connections.py", line 1245, in read
    first_packet = self.connection._read_packet()
  File "D:\college_placement_system\venv\Lib\site-packages\pymysql\connections.py", line 803, in _read_packet
    packet.raise_for_error()
    ~~~~~~~~~~~~~~~~~~~~~~^^
  File "D:\college_placement_system\venv\Lib\site-packages\pymysql\protocol.py", line 219, in raise_for_error
    err.raise_mysql_exception(self._data)
    ~~~~~~~~~~~~~~~~~~~~~~~~~^^^^^^^^^^^^
  File "D:\college_placement_system\venv\Lib\site-packages\pymysql\err.py", line 154, in raise_mysql_exception
    raise errorclass(errno, errval, sqlstate=sqlstate)
django.db.utils.IntegrityError: (1062, "Duplicate entry 'NIkhil' for key 'accounts_customuser.username'")
INFO 2026-08-10 01:13:21,168 django.utils.autoreload D:\college_placement_system\placement_project\placement_officer\views.py changed, reloading.
INFO 2026-08-10 01:13:21,361 django.utils.autoreload D:\college_placement_system\placement_project\placement_officer\views.py changed, reloading.
INFO 2026-08-10 01:13:22,073 django.utils.autoreload Watching for file changes with StatReloader
INFO 2026-08-10 01:13:22,219 django.utils.autoreload Watching for file changes with StatReloader
INFO 2026-08-10 01:14:39,513 django.utils.autoreload D:\college_placement_system\placement_project\placement_officer\views.py changed, reloading.
INFO 2026-08-10 01:14:39,551 django.utils.autoreload D:\college_placement_system\placement_project\placement_officer\views.py changed, reloading.
INFO 2026-08-10 01:14:40,278 django.utils.autoreload Watching for file changes with StatReloader
INFO 2026-08-10 01:14:40,283 django.utils.autoreload Watching for file changes with StatReloader
INFO 2026-08-10 01:15:28,953 django.utils.autoreload D:\college_placement_system\placement_project\placement_officer\urls.py changed, reloading.
INFO 2026-08-10 01:15:28,956 django.utils.autoreload D:\college_placement_system\placement_project\placement_officer\urls.py changed, reloading.
INFO 2026-08-10 01:15:29,591 django.utils.autoreload Watching for file changes with StatReloader
INFO 2026-08-10 01:15:29,625 django.utils.autoreload Watching for file changes with StatReloader
INFO 2026-08-10 01:15:56,415 django.utils.autoreload Watching for file changes with StatReloader
WARNING 2026-08-10 01:18:10,585 django.request Unauthorized: /placement-officer/dashboard/
INFO 2026-08-10 01:22:29,746 django.utils.autoreload D:\college_placement_system\placement_project\students\views.py changed, reloading.
INFO 2026-08-10 01:22:29,774 django.utils.autoreload D:\college_placement_system\placement_project\students\views.py changed, reloading.
INFO 2026-08-10 01:22:29,781 django.utils.autoreload D:\college_placement_system\placement_project\students\views.py changed, reloading.
INFO 2026-08-10 01:22:30,894 django.utils.autoreload Watching for file changes with StatReloader
INFO 2026-08-10 01:22:30,906 django.utils.autoreload Watching for file changes with StatReloader
INFO 2026-08-10 01:22:31,000 django.utils.autoreload Watching for file changes with StatReloader
INFO 2026-08-10 01:23:18,693 django.utils.autoreload D:\college_placement_system\placement_project\students\urls.py changed, reloading.
INFO 2026-08-10 01:23:18,694 django.utils.autoreload D:\college_placement_system\placement_project\students\urls.py changed, reloading.
INFO 2026-08-10 01:23:18,701 django.utils.autoreload D:\college_placement_system\placement_project\students\urls.py changed, reloading.
INFO 2026-08-10 01:23:19,966 django.utils.autoreload Watching for file changes with StatReloader
INFO 2026-08-10 01:23:20,048 django.utils.autoreload Watching for file changes with StatReloader
INFO 2026-08-10 01:23:20,059 django.utils.autoreload Watching for file changes with StatReloader
WARNING 2026-08-10 11:44:25,043 django.request Forbidden: /students/all/
WARNING 2026-08-10 11:44:25,189 django.request Forbidden: /students/all/
INFO 2026-08-10 11:53:52,683 django.utils.autoreload D:\college_placement_system\placement_project\accounts\permissions.py changed, reloading.
INFO 2026-08-10 11:53:53,269 django.utils.autoreload Watching for file changes with StatReloader
INFO 2026-08-10 11:53:53,275 django.utils.autoreload D:\college_placement_system\placement_project\accounts\permissions.py changed, reloading.
INFO 2026-08-10 11:53:53,768 django.utils.autoreload Watching for file changes with StatReloader
INFO 2026-08-10 11:54:11,218 django.utils.autoreload D:\college_placement_system\placement_project\accounts\permissions.py changed, reloading.
INFO 2026-08-10 11:54:11,612 django.utils.autoreload D:\college_placement_system\placement_project\accounts\permissions.py changed, reloading.
INFO 2026-08-10 11:54:12,237 django.utils.autoreload Watching for file changes with StatReloader
INFO 2026-08-10 11:54:12,432 django.utils.autoreload Watching for file changes with StatReloader
INFO 2026-08-10 12:22:50,516 django.utils.autoreload D:\college_placement_system\placement_project\companies\views.py changed, reloading.
INFO 2026-08-10 12:22:50,888 django.utils.autoreload D:\college_placement_system\placement_project\companies\views.py changed, reloading.
INFO 2026-08-10 12:23:08,332 django.utils.autoreload Watching for file changes with StatReloader
INFO 2026-08-10 12:23:08,334 django.utils.autoreload Watching for file changes with StatReloader
INFO 2026-08-10 12:24:10,181 django.utils.autoreload D:\college_placement_system\placement_project\companies\views.py changed, reloading.
INFO 2026-08-10 12:24:10,190 django.utils.autoreload D:\college_placement_system\placement_project\companies\views.py changed, reloading.
INFO 2026-08-10 12:24:10,781 django.utils.autoreload Watching for file changes with StatReloader
INFO 2026-08-10 12:24:10,816 django.utils.autoreload Watching for file changes with StatReloader
INFO 2026-08-10 12:24:46,615 django.utils.autoreload D:\college_placement_system\placement_project\companies\views.py changed, reloading.
INFO 2026-08-10 12:24:46,615 django.utils.autoreload D:\college_placement_system\placement_project\companies\views.py changed, reloading.
INFO 2026-08-10 12:24:47,463 django.utils.autoreload Watching for file changes with StatReloader
INFO 2026-08-10 12:24:47,465 django.utils.autoreload Watching for file changes with StatReloader
INFO 2026-08-10 12:26:04,046 django.utils.autoreload D:\college_placement_system\placement_project\companies\urls.py changed, reloading.
INFO 2026-08-10 12:26:04,056 django.utils.autoreload D:\college_placement_system\placement_project\companies\urls.py changed, reloading.
INFO 2026-08-10 12:26:04,951 django.utils.autoreload Watching for file changes with StatReloader
INFO 2026-08-10 12:26:04,952 django.utils.autoreload Watching for file changes with StatReloader
WARNING 2026-08-10 12:35:01,522 django.request Forbidden: /applications/company/
WARNING 2026-08-10 12:35:01,645 django.request Forbidden: /applications/company/
WARNING 2026-08-10 12:35:04,463 django.request Not Found: /companies/profile/
WARNING 2026-08-10 12:35:04,590 django.request Not Found: /companies/profile/
ERROR 2026-08-10 12:35:22,385 django.request Internal Server Error: /companies/dashboard/
Traceback (most recent call last):
  File "D:\college_placement_system\venv\Lib\site-packages\django\core\handlers\exception.py", line 55, in inner
    response = get_response(request)
  File "D:\college_placement_system\venv\Lib\site-packages\django\core\handlers\base.py", line 198, in _get_response
    response = wrapped_callback(request, *callback_args, **callback_kwargs)
  File "D:\college_placement_system\venv\Lib\site-packages\django\views\decorators\csrf.py", line 65, in _view_wrapper
    return view_func(request, *args, **kwargs)
  File "D:\college_placement_system\venv\Lib\site-packages\django\views\generic\base.py", line 106, in view
    return self.dispatch(request, *args, **kwargs)
           ~~~~~~~~~~~~~^^^^^^^^^^^^^^^^^^^^^^^^^^
  File "D:\college_placement_system\venv\Lib\site-packages\rest_framework\views.py", line 515, in dispatch
    response = self.handle_exception(exc)
  File "D:\college_placement_system\venv\Lib\site-packages\rest_framework\views.py", line 475, in handle_exception
    self.raise_uncaught_exception(exc)
    ~~~~~~~~~~~~~~~~~~~~~~~~~~~~~^^^^^
  File "D:\college_placement_system\venv\Lib\site-packages\rest_framework\views.py", line 486, in raise_uncaught_exception
    raise exc
  File "D:\college_placement_system\venv\Lib\site-packages\rest_framework\views.py", line 512, in dispatch
    response = handler(request, *args, **kwargs)
  File "D:\college_placement_system\placement_project\companies\views.py", line 150, in get
    company = request.user.companyprofile
              ^^^^^^^^^^^^^^^^^^^^^^^^^^^
  File "D:\college_placement_system\venv\Lib\site-packages\django\db\models\fields\related_descriptors.py", line 520, in __get__
    raise self.RelatedObjectDoesNotExist(
    ...<2 lines>...
    )
accounts.models.CustomUser.companyprofile.RelatedObjectDoesNotExist: CustomUser has no companyprofile.
ERROR 2026-08-10 12:35:22,584 django.request Internal Server Error: /companies/dashboard/
Traceback (most recent call last):
  File "D:\college_placement_system\venv\Lib\site-packages\django\core\handlers\exception.py", line 55, in inner
    response = get_response(request)
  File "D:\college_placement_system\venv\Lib\site-packages\django\core\handlers\base.py", line 198, in _get_response
    response = wrapped_callback(request, *callback_args, **callback_kwargs)
  File "D:\college_placement_system\venv\Lib\site-packages\django\views\decorators\csrf.py", line 65, in _view_wrapper
    return view_func(request, *args, **kwargs)
  File "D:\college_placement_system\venv\Lib\site-packages\django\views\generic\base.py", line 106, in view
    return self.dispatch(request, *args, **kwargs)
           ~~~~~~~~~~~~~^^^^^^^^^^^^^^^^^^^^^^^^^^
  File "D:\college_placement_system\venv\Lib\site-packages\rest_framework\views.py", line 515, in dispatch
    response = self.handle_exception(exc)
  File "D:\college_placement_system\venv\Lib\site-packages\rest_framework\views.py", line 475, in handle_exception
    self.raise_uncaught_exception(exc)
    ~~~~~~~~~~~~~~~~~~~~~~~~~~~~~^^^^^
  File "D:\college_placement_system\venv\Lib\site-packages\rest_framework\views.py", line 486, in raise_uncaught_exception
    raise exc
  File "D:\college_placement_system\venv\Lib\site-packages\rest_framework\views.py", line 512, in dispatch
    response = handler(request, *args, **kwargs)
  File "D:\college_placement_system\placement_project\companies\views.py", line 150, in get
    company = request.user.companyprofile
              ^^^^^^^^^^^^^^^^^^^^^^^^^^^
  File "D:\college_placement_system\venv\Lib\site-packages\django\db\models\fields\related_descriptors.py", line 520, in __get__
    raise self.RelatedObjectDoesNotExist(
    ...<2 lines>...
    )
accounts.models.CustomUser.companyprofile.RelatedObjectDoesNotExist: CustomUser has no companyprofile.
INFO 2026-08-10 12:35:44,267 django.utils.autoreload Watching for file changes with StatReloader
WARNING 2026-08-10 13:04:30,634 django.request Unauthorized: /companies/all/
WARNING 2026-08-10 13:04:30,645 django.request Unauthorized: /companies/all/
WARNING 2026-08-10 13:16:24,477 django.request Unauthorized: /companies/all/
WARNING 2026-08-10 13:16:24,489 django.request Unauthorized: /companies/all/
WARNING 2026-08-10 13:16:29,090 django.request Unauthorized: /companies/all/
WARNING 2026-08-10 13:16:29,104 django.request Unauthorized: /companies/all/
WARNING 2026-08-10 14:18:53,068 django.request Unauthorized: /companies/all/
WARNING 2026-08-10 14:18:53,076 django.request Unauthorized: /companies/all/
WARNING 2026-08-10 14:37:08,569 django.request Unauthorized: /companies/all/
WARNING 2026-08-10 14:37:08,576 django.request Unauthorized: /companies/all/
INFO 2026-08-10 14:40:18,415 django.utils.autoreload D:\college_placement_system\placement_project\jobs\views.py changed, reloading.
INFO 2026-08-10 14:40:18,428 django.utils.autoreload D:\college_placement_system\placement_project\jobs\views.py changed, reloading.
INFO 2026-08-10 14:40:18,431 django.utils.autoreload D:\college_placement_system\placement_project\jobs\views.py changed, reloading.
INFO 2026-08-10 14:40:32,037 django.utils.autoreload Watching for file changes with StatReloader
INFO 2026-08-10 14:40:32,037 django.utils.autoreload Watching for file changes with StatReloader
INFO 2026-08-10 14:41:56,217 django.utils.autoreload D:\college_placement_system\placement_project\accounts\permissions.py changed, reloading.
INFO 2026-08-10 14:41:56,220 django.utils.autoreload D:\college_placement_system\placement_project\accounts\permissions.py changed, reloading.
INFO 2026-08-10 14:41:56,224 django.utils.autoreload D:\college_placement_system\placement_project\accounts\permissions.py changed, reloading.
INFO 2026-08-10 14:41:57,274 django.utils.autoreload Watching for file changes with StatReloader
INFO 2026-08-10 14:41:57,295 django.utils.autoreload Watching for file changes with StatReloader
INFO 2026-08-10 14:41:57,311 django.utils.autoreload Watching for file changes with StatReloader
INFO 2026-08-10 14:44:37,921 django.utils.autoreload D:\college_placement_system\placement_project\jobs\views.py changed, reloading.
INFO 2026-08-10 14:44:37,942 django.utils.autoreload D:\college_placement_system\placement_project\jobs\views.py changed, reloading.
INFO 2026-08-10 14:44:37,942 django.utils.autoreload D:\college_placement_system\placement_project\jobs\views.py changed, reloading.
INFO 2026-08-10 14:44:38,930 django.utils.autoreload Watching for file changes with StatReloader
INFO 2026-08-10 14:44:38,941 django.utils.autoreload Watching for file changes with StatReloader
INFO 2026-08-10 14:44:38,953 django.utils.autoreload Watching for file changes with StatReloader
WARNING 2026-08-10 14:52:11,978 django.request Not Found: /jobs/
WARNING 2026-08-10 14:52:12,005 django.request Not Found: /jobs/
WARNING 2026-08-10 14:52:12,215 django.request Not Found: /jobs/
WARNING 2026-08-10 14:55:36,999 django.request Not Found: /jobs/
WARNING 2026-08-10 14:55:37,024 django.request Not Found: /jobs/
WARNING 2026-08-10 14:55:37,311 django.request Not Found: /jobs/
WARNING 2026-08-10 14:55:48,753 django.request Not Found: /jobs/
WARNING 2026-08-10 14:55:48,779 django.request Not Found: /jobs/
WARNING 2026-08-10 14:55:49,059 django.request Not Found: /jobs/
WARNING 2026-08-10 14:56:29,274 django.request Not Found: /jobs/
WARNING 2026-08-10 14:56:29,300 django.request Not Found: /jobs/
WARNING 2026-08-10 14:56:29,580 django.request Not Found: /jobs/
INFO 2026-08-10 15:27:19,480 django.utils.autoreload D:\college_placement_system\placement_project\reports\views.py changed, reloading.
INFO 2026-08-10 15:27:19,499 django.utils.autoreload D:\college_placement_system\placement_project\reports\views.py changed, reloading.
INFO 2026-08-10 15:27:20,327 django.utils.autoreload Watching for file changes with StatReloader
INFO 2026-08-10 15:27:20,327 django.utils.autoreload Watching for file changes with StatReloader
INFO 2026-08-10 15:28:00,367 django.utils.autoreload D:\college_placement_system\placement_project\reports\views.py changed, reloading.
INFO 2026-08-10 15:28:00,367 django.utils.autoreload D:\college_placement_system\placement_project\reports\views.py changed, reloading.
INFO 2026-08-10 15:28:01,095 django.utils.autoreload Watching for file changes with StatReloader
INFO 2026-08-10 15:28:01,117 django.utils.autoreload Watching for file changes with StatReloader
INFO 2026-08-10 15:28:57,075 django.utils.autoreload D:\college_placement_system\placement_project\reports\urls.py changed, reloading.
INFO 2026-08-10 15:28:57,078 django.utils.autoreload D:\college_placement_system\placement_project\reports\urls.py changed, reloading.
INFO 2026-08-10 15:28:57,739 django.utils.autoreload Watching for file changes with StatReloader
INFO 2026-08-10 15:28:57,744 django.utils.autoreload Watching for file changes with StatReloader
INFO 2026-08-10 15:30:35,034 django.utils.autoreload D:\college_placement_system\placement_project\reports\views.py changed, reloading.
INFO 2026-08-10 15:30:35,040 django.utils.autoreload D:\college_placement_system\placement_project\reports\views.py changed, reloading.
INFO 2026-08-10 15:30:35,824 django.utils.autoreload Watching for file changes with StatReloader
INFO 2026-08-10 15:30:35,881 django.utils.autoreload Watching for file changes with StatReloader
INFO 2026-08-10 15:31:37,033 django.utils.autoreload D:\college_placement_system\placement_project\reports\urls.py changed, reloading.
INFO 2026-08-10 15:31:37,041 django.utils.autoreload D:\college_placement_system\placement_project\reports\urls.py changed, reloading.
INFO 2026-08-10 15:31:37,822 django.utils.autoreload Watching for file changes with StatReloader
INFO 2026-08-10 15:31:37,824 django.utils.autoreload Watching for file changes with StatReloader
INFO 2026-08-10 15:34:11,945 django.utils.autoreload D:\college_placement_system\placement_project\reports\views.py changed, reloading.
INFO 2026-08-10 15:34:11,960 django.utils.autoreload D:\college_placement_system\placement_project\reports\views.py changed, reloading.
INFO 2026-08-10 15:34:12,647 django.utils.autoreload Watching for file changes with StatReloader
INFO 2026-08-10 15:34:12,667 django.utils.autoreload Watching for file changes with StatReloader
INFO 2026-08-10 15:36:12,316 django.utils.autoreload D:\college_placement_system\placement_project\reports\urls.py changed, reloading.
INFO 2026-08-10 15:36:12,335 django.utils.autoreload D:\college_placement_system\placement_project\reports\urls.py changed, reloading.
INFO 2026-08-10 15:36:13,467 django.utils.autoreload Watching for file changes with StatReloader
INFO 2026-08-10 15:36:13,471 django.utils.autoreload Watching for file changes with StatReloader
WARNING 2026-08-10 15:41:49,054 django.request Unauthorized: /reports/students/excel/
WARNING 2026-08-10 15:42:17,466 django.request Unauthorized: /reports/students/pdf/
WARNING 2026-08-10 15:46:46,771 django.request Unauthorized: /reports/students/excel/
WARNING 2026-08-10 15:46:48,796 django.request Unauthorized: /reports/students/excel/
WARNING 2026-08-10 15:46:49,620 django.request Unauthorized: /reports/students/excel/
WARNING 2026-08-10 15:46:49,837 django.request Unauthorized: /reports/students/excel/
WARNING 2026-08-10 15:46:50,209 django.request Unauthorized: /reports/students/excel/
WARNING 2026-08-10 15:46:50,426 django.request Unauthorized: /reports/students/excel/
INFO 2026-08-10 15:52:21,789 django.utils.autoreload D:\college_placement_system\placement_project\reports\views.py changed, reloading.
INFO 2026-08-10 15:52:21,793 django.utils.autoreload D:\college_placement_system\placement_project\reports\views.py changed, reloading.
INFO 2026-08-10 15:52:23,623 django.utils.autoreload Watching for file changes with StatReloader
INFO 2026-08-10 15:52:23,649 django.utils.autoreload Watching for file changes with StatReloader
INFO 2026-08-10 15:52:55,582 django.utils.autoreload D:\college_placement_system\placement_project\reports\views.py changed, reloading.
INFO 2026-08-10 15:52:55,585 django.utils.autoreload D:\college_placement_system\placement_project\reports\views.py changed, reloading.
INFO 2026-08-10 15:52:56,493 django.utils.autoreload Watching for file changes with StatReloader
INFO 2026-08-10 15:52:56,535 django.utils.autoreload Watching for file changes with StatReloader
INFO 2026-08-10 15:54:48,587 django.utils.autoreload D:\college_placement_system\placement_project\reports\urls.py changed, reloading.
INFO 2026-08-10 15:54:48,748 django.utils.autoreload D:\college_placement_system\placement_project\reports\urls.py changed, reloading.
INFO 2026-08-10 15:54:49,584 django.utils.autoreload Watching for file changes with StatReloader
INFO 2026-08-10 15:54:49,584 django.utils.autoreload Watching for file changes with StatReloader
INFO 2026-08-10 16:04:55,492 django.utils.autoreload D:\college_placement_system\placement_project\reports\views.py changed, reloading.
INFO 2026-08-10 16:04:56,190 django.utils.autoreload D:\college_placement_system\placement_project\reports\views.py changed, reloading.
INFO 2026-08-10 16:04:56,443 django.utils.autoreload Watching for file changes with StatReloader
INFO 2026-08-10 16:04:57,595 django.utils.autoreload Watching for file changes with StatReloader
INFO 2026-08-10 16:06:05,255 django.utils.autoreload D:\college_placement_system\placement_project\reports\views.py changed, reloading.
INFO 2026-08-10 16:06:05,257 django.utils.autoreload D:\college_placement_system\placement_project\reports\views.py changed, reloading.
INFO 2026-08-10 16:06:07,035 django.utils.autoreload Watching for file changes with StatReloader
INFO 2026-08-10 16:06:07,040 django.utils.autoreload Watching for file changes with StatReloader
INFO 2026-08-10 16:08:41,794 django.utils.autoreload D:\college_placement_system\placement_project\reports\urls.py changed, reloading.
INFO 2026-08-10 16:08:41,806 django.utils.autoreload D:\college_placement_system\placement_project\reports\urls.py changed, reloading.
INFO 2026-08-10 16:08:42,489 django.utils.autoreload Watching for file changes with StatReloader
INFO 2026-08-10 16:08:42,501 django.utils.autoreload Watching for file changes with StatReloader
INFO 2026-08-10 16:15:22,190 django.utils.autoreload D:\college_placement_system\placement_project\reports\views.py changed, reloading.
INFO 2026-08-10 16:15:22,209 django.utils.autoreload D:\college_placement_system\placement_project\reports\views.py changed, reloading.
INFO 2026-08-10 16:15:23,042 django.utils.autoreload Watching for file changes with StatReloader
INFO 2026-08-10 16:15:23,042 django.utils.autoreload Watching for file changes with StatReloader
INFO 2026-08-10 16:17:38,424 django.utils.autoreload D:\college_placement_system\placement_project\reports\views.py changed, reloading.
INFO 2026-08-10 16:17:38,429 django.utils.autoreload D:\college_placement_system\placement_project\reports\views.py changed, reloading.
INFO 2026-08-10 16:17:39,255 django.utils.autoreload Watching for file changes with StatReloader
INFO 2026-08-10 16:17:39,274 django.utils.autoreload Watching for file changes with StatReloader
INFO 2026-08-10 16:20:18,362 django.utils.autoreload D:\college_placement_system\placement_project\reports\urls.py changed, reloading.
INFO 2026-08-10 16:20:18,390 django.utils.autoreload D:\college_placement_system\placement_project\reports\urls.py changed, reloading.
INFO 2026-08-10 16:20:19,312 django.utils.autoreload Watching for file changes with StatReloader
INFO 2026-08-10 16:20:19,312 django.utils.autoreload Watching for file changes with StatReloader
WARNING 2026-08-10 16:32:23,479 django.request Unauthorized: /reports/students/
WARNING 2026-08-10 16:32:23,489 django.request Unauthorized: /reports/students/
WARNING 2026-08-10 17:15:28,218 django.request Unauthorized: /placement-officer/dashboard/
WARNING 2026-08-10 17:15:28,230 django.request Unauthorized: /placement-officer/dashboard/
INFO 2026-08-10 17:19:19,359 django.utils.autoreload D:\college_placement_system\placement_project\reports\views.py changed, reloading.
INFO 2026-08-10 17:19:19,376 django.utils.autoreload D:\college_placement_system\placement_project\reports\views.py changed, reloading.
INFO 2026-08-10 17:19:20,400 django.utils.autoreload Watching for file changes with StatReloader
INFO 2026-08-10 17:19:20,401 django.utils.autoreload Watching for file changes with StatReloader
INFO 2026-08-10 17:20:22,280 django.utils.autoreload D:\college_placement_system\placement_project\reports\views.py changed, reloading.
INFO 2026-08-10 17:20:22,283 django.utils.autoreload D:\college_placement_system\placement_project\reports\views.py changed, reloading.
INFO 2026-08-10 17:20:23,682 django.utils.autoreload Watching for file changes with StatReloader
INFO 2026-08-10 17:20:23,693 django.utils.autoreload Watching for file changes with StatReloader
INFO 2026-08-10 17:20:32,805 django.utils.autoreload D:\college_placement_system\placement_project\reports\views.py changed, reloading.
INFO 2026-08-10 17:20:32,826 django.utils.autoreload D:\college_placement_system\placement_project\reports\views.py changed, reloading.
INFO 2026-08-10 17:20:34,331 django.utils.autoreload Watching for file changes with StatReloader
INFO 2026-08-10 17:20:34,347 django.utils.autoreload Watching for file changes with StatReloader
WARNING 2026-08-10 17:39:43,377 django.request Not Found: /reports/application-status-chart/
WARNING 2026-08-10 17:39:43,377 django.request Not Found: /reports/monthly-jobs-chart/
WARNING 2026-08-10 17:39:43,386 django.request Unauthorized: /placement-officer/dashboard/
WARNING 2026-08-10 17:39:43,402 django.request Unauthorized: /placement-officer/dashboard/
WARNING 2026-08-10 17:39:43,428 django.request Not Found: /reports/monthly-jobs-chart/
WARNING 2026-08-10 17:39:43,428 django.request Not Found: /reports/application-status-chart/
WARNING 2026-08-10 17:40:03,701 django.request Not Found: /reports/monthly-jobs-chart/
WARNING 2026-08-10 17:40:03,763 django.request Not Found: /reports/monthly-jobs-chart/
WARNING 2026-08-10 17:40:03,766 django.request Not Found: /reports/application-status-chart/
WARNING 2026-08-10 17:40:03,852 django.request Not Found: /reports/application-status-chart/
INFO 2026-08-10 17:43:29,670 django.utils.autoreload Watching for file changes with StatReloader
WARNING 2026-08-10 17:44:22,009 django.request Not Found: /reports/monthly-jobs-chart/
WARNING 2026-08-10 17:44:22,012 django.request Not Found: /reports/application-status-chart/
WARNING 2026-08-10 17:44:22,047 django.request Not Found: /reports/monthly-jobs-chart/
WARNING 2026-08-10 17:44:22,049 django.request Not Found: /reports/application-status-chart/
INFO 2026-08-10 17:54:46,316 django.utils.autoreload D:\college_placement_system\placement_project\reports\urls.py changed, reloading.
INFO 2026-08-10 17:54:46,323 django.utils.autoreload D:\college_placement_system\placement_project\reports\urls.py changed, reloading.
INFO 2026-08-10 17:54:46,332 django.utils.autoreload D:\college_placement_system\placement_project\reports\urls.py changed, reloading.
INFO 2026-08-10 17:54:47,176 django.utils.autoreload Watching for file changes with StatReloader
INFO 2026-08-10 17:54:47,223 django.utils.autoreload Watching for file changes with StatReloader
INFO 2026-08-10 17:54:47,233 django.utils.autoreload Watching for file changes with StatReloader
INFO 2026-08-10 17:54:54,082 django.utils.autoreload Watching for file changes with StatReloader
INFO 2026-08-10 18:00:25,746 django.utils.autoreload D:\college_placement_system\placement_project\placement_officer\views.py changed, reloading.
INFO 2026-08-10 18:00:25,773 django.utils.autoreload D:\college_placement_system\placement_project\placement_officer\views.py changed, reloading.
INFO 2026-08-10 18:00:25,791 django.utils.autoreload D:\college_placement_system\placement_project\placement_officer\views.py changed, reloading.
INFO 2026-08-10 18:00:26,725 django.utils.autoreload Watching for file changes with StatReloader
INFO 2026-08-10 18:00:26,752 django.utils.autoreload Watching for file changes with StatReloader
INFO 2026-08-10 18:00:26,782 django.utils.autoreload Watching for file changes with StatReloader
INFO 2026-08-10 18:00:36,189 django.utils.autoreload Watching for file changes with StatReloader
WARNING 2026-08-10 18:08:48,649 django.request Unauthorized: /placement-officer/dashboard/
WARNING 2026-08-10 18:08:48,651 django.request Unauthorized: /reports/application-status-chart/
WARNING 2026-08-10 18:08:48,651 django.request Unauthorized: /reports/monthly-jobs-chart/
WARNING 2026-08-10 18:46:43,029 django.request Bad Request: /accounts/api/login/
INFO 2026-08-10 18:52:49,766 django.utils.autoreload D:\college_placement_system\placement_project\accounts\serializers.py changed, reloading.
INFO 2026-08-10 18:52:49,770 django.utils.autoreload D:\college_placement_system\placement_project\accounts\serializers.py changed, reloading.
INFO 2026-08-10 18:52:49,798 django.utils.autoreload D:\college_placement_system\placement_project\accounts\serializers.py changed, reloading.
INFO 2026-08-10 18:52:50,740 django.utils.autoreload Watching for file changes with StatReloader
INFO 2026-08-10 18:52:50,741 django.utils.autoreload Watching for file changes with StatReloader
INFO 2026-08-10 18:52:50,791 django.utils.autoreload Watching for file changes with StatReloader
INFO 2026-08-10 19:02:36,249 django.utils.autoreload D:\college_placement_system\placement_project\accounts\models.py changed, reloading.
INFO 2026-08-10 19:02:36,744 django.utils.autoreload Watching for file changes with StatReloader
INFO 2026-08-10 19:02:36,766 django.utils.autoreload D:\college_placement_system\placement_project\accounts\models.py changed, reloading.
INFO 2026-08-10 19:02:36,785 django.utils.autoreload D:\college_placement_system\placement_project\accounts\models.py changed, reloading.
INFO 2026-08-10 19:02:37,829 django.utils.autoreload Watching for file changes with StatReloader
INFO 2026-08-10 19:02:37,873 django.utils.autoreload Watching for file changes with StatReloader
INFO 2026-08-10 19:04:19,511 django.utils.autoreload D:\college_placement_system\placement_project\accounts\admin.py changed, reloading.
INFO 2026-08-10 19:04:19,516 django.utils.autoreload D:\college_placement_system\placement_project\accounts\admin.py changed, reloading.
INFO 2026-08-10 19:04:20,099 django.utils.autoreload Watching for file changes with StatReloader
INFO 2026-08-10 19:04:20,100 django.utils.autoreload Watching for file changes with StatReloader
INFO 2026-08-10 19:15:22,338 django.utils.autoreload D:\college_placement_system\placement_project\placement_project\settings.py changed, reloading.
INFO 2026-08-10 19:15:22,347 django.utils.autoreload D:\college_placement_system\placement_project\placement_project\settings.py changed, reloading.
INFO 2026-08-10 19:15:22,985 django.utils.autoreload Watching for file changes with StatReloader
INFO 2026-08-10 19:15:23,018 django.utils.autoreload Watching for file changes with StatReloader
INFO 2026-08-10 19:16:02,588 django.utils.autoreload D:\college_placement_system\placement_project\accounts\models.py changed, reloading.
INFO 2026-08-10 19:16:02,598 django.utils.autoreload D:\college_placement_system\placement_project\accounts\models.py changed, reloading.
INFO 2026-08-10 19:16:03,302 django.utils.autoreload Watching for file changes with StatReloader
INFO 2026-08-10 19:16:03,302 django.utils.autoreload Watching for file changes with StatReloader
INFO 2026-08-10 19:16:15,733 django.utils.autoreload D:\college_placement_system\placement_project\accounts\admin.py changed, reloading.
INFO 2026-08-10 19:16:15,737 django.utils.autoreload D:\college_placement_system\placement_project\accounts\admin.py changed, reloading.
INFO 2026-08-10 19:16:16,389 django.utils.autoreload Watching for file changes with StatReloader
INFO 2026-08-10 19:16:16,395 django.utils.autoreload Watching for file changes with StatReloader
WARNING 2026-08-10 19:28:37,561 django.request Bad Request: /accounts/api/login/
WARNING 2026-08-10 19:28:48,180 django.request Bad Request: /accounts/api/login/
WARNING 2026-08-10 19:28:54,326 django.request Bad Request: /accounts/api/login/
WARNING 2026-08-10 19:28:54,410 django.request Bad Request: /accounts/api/login/
WARNING 2026-08-10 19:28:54,574 django.request Bad Request: /accounts/api/login/
WARNING 2026-08-10 19:28:55,655 django.request Bad Request: /accounts/api/login/
WARNING 2026-08-10 19:28:55,741 django.request Bad Request: /accounts/api/login/
WARNING 2026-08-10 19:28:56,062 django.request Bad Request: /accounts/api/login/
WARNING 2026-08-10 19:28:56,373 django.request Bad Request: /accounts/api/login/
INFO 2026-08-10 19:30:24,655 django.utils.autoreload Watching for file changes with StatReloader
WARNING 2026-08-10 19:39:36,870 django.request Unauthorized: /notifications/unread-count/
WARNING 2026-08-10 19:39:36,872 django.request Unauthorized: /notifications/
WARNING 2026-08-10 19:39:36,879 django.request Unauthorized: /notifications/
WARNING 2026-08-10 19:39:36,879 django.request Unauthorized: /notifications/unread-count/
WARNING 2026-08-10 19:48:40,858 django.request Unauthorized: /notifications/unread-count/
WARNING 2026-08-10 19:48:40,862 django.request Unauthorized: /students/profile/
WARNING 2026-08-10 19:48:40,862 django.request Unauthorized: /notifications/unread-count/
WARNING 2026-08-10 19:48:40,869 django.request Unauthorized: /students/profile/
WARNING 2026-08-10 20:38:39,955 django.request Unauthorized: /notifications/unread-count/
WARNING 2026-08-10 20:38:39,964 django.request Unauthorized: /notifications/unread-count/
WARNING 2026-08-11 19:15:44,217 django.request Unauthorized: /students/dashboard/
WARNING 2026-08-11 19:15:44,217 django.request Unauthorized: /notifications/unread-count/
WARNING 2026-08-11 19:15:44,236 django.request Unauthorized: /notifications/unread-count/
WARNING 2026-08-11 19:15:44,243 django.request Unauthorized: /students/dashboard/
WARNING 2026-08-11 20:15:36,890 django.request Unauthorized: /notifications/unread-count/
WARNING 2026-08-11 20:15:36,890 django.request Unauthorized: /students/dashboard/
WARNING 2026-08-11 20:15:36,896 django.request Unauthorized: /notifications/unread-count/
WARNING 2026-08-11 20:15:36,902 django.request Unauthorized: /students/dashboard/
WARNING 2026-08-11 20:16:19,810 django.request Unauthorized: /notifications/unread-count/
WARNING 2026-08-11 20:16:19,819 django.request Unauthorized: /notifications/unread-count/
INFO 2026-08-11 20:21:08,150 django.utils.autoreload D:\college_placement_system\placement_project\accounts\serializers.py changed, reloading.
INFO 2026-08-11 20:21:09,094 django.utils.autoreload D:\college_placement_system\placement_project\accounts\serializers.py changed, reloading.
INFO 2026-08-11 20:21:09,130 django.utils.autoreload D:\college_placement_system\placement_project\accounts\serializers.py changed, reloading.
INFO 2026-08-11 20:21:28,955 django.utils.autoreload Watching for file changes with StatReloader
INFO 2026-08-11 20:21:28,955 django.utils.autoreload Watching for file changes with StatReloader
INFO 2026-08-11 20:21:28,956 django.utils.autoreload Watching for file changes with StatReloader
INFO 2026-08-11 20:22:16,138 django.utils.autoreload D:\college_placement_system\placement_project\accounts\serializers.py changed, reloading.
INFO 2026-08-11 20:22:16,178 django.utils.autoreload D:\college_placement_system\placement_project\accounts\serializers.py changed, reloading.
INFO 2026-08-11 20:22:16,185 django.utils.autoreload D:\college_placement_system\placement_project\accounts\serializers.py changed, reloading.
INFO 2026-08-11 20:22:17,249 django.utils.autoreload Watching for file changes with StatReloader
INFO 2026-08-11 20:22:17,253 django.utils.autoreload Watching for file changes with StatReloader
INFO 2026-08-11 20:22:17,287 django.utils.autoreload Watching for file changes with StatReloader
WARNING 2026-08-11 20:50:42,903 django.request Unauthorized: /students/dashboard/
WARNING 2026-08-11 20:50:42,903 django.request Unauthorized: /notifications/unread-count/
WARNING 2026-08-11 20:50:42,916 django.request Unauthorized: /students/dashboard/
WARNING 2026-08-11 20:50:42,917 django.request Unauthorized: /notifications/unread-count/
WARNING 2026-08-12 10:39:27,265 django.request Unauthorized: /notifications/unread-count/
WARNING 2026-08-12 10:39:27,274 django.request Unauthorized: /notifications/unread-count/
INFO 2026-08-12 11:27:54,415 django.utils.autoreload D:\college_placement_system\placement_project\students\views.py changed, reloading.
INFO 2026-08-12 11:27:54,435 django.utils.autoreload D:\college_placement_system\placement_project\students\views.py changed, reloading.
INFO 2026-08-12 11:27:54,427 django.utils.autoreload D:\college_placement_system\placement_project\students\views.py changed, reloading.
INFO 2026-08-12 11:28:05,714 django.utils.autoreload Watching for file changes with StatReloader
INFO 2026-08-12 11:28:05,715 django.utils.autoreload Watching for file changes with StatReloader
INFO 2026-08-12 11:28:05,716 django.utils.autoreload Watching for file changes with StatReloader
INFO 2026-08-12 11:28:31,981 django.utils.autoreload D:\college_placement_system\placement_project\students\views.py changed, reloading.
INFO 2026-08-12 11:28:31,982 django.utils.autoreload D:\college_placement_system\placement_project\students\views.py changed, reloading.
INFO 2026-08-12 11:28:32,000 django.utils.autoreload D:\college_placement_system\placement_project\students\views.py changed, reloading.
INFO 2026-08-12 11:28:32,880 django.utils.autoreload Watching for file changes with StatReloader
INFO 2026-08-12 11:28:32,896 django.utils.autoreload Watching for file changes with StatReloader
INFO 2026-08-12 11:28:32,913 django.utils.autoreload Watching for file changes with StatReloader
INFO 2026-08-12 11:31:04,635 django.utils.autoreload D:\college_placement_system\placement_project\companies\views.py changed, reloading.
INFO 2026-08-12 11:31:04,645 django.utils.autoreload D:\college_placement_system\placement_project\companies\views.py changed, reloading.
INFO 2026-08-12 11:31:04,645 django.utils.autoreload D:\college_placement_system\placement_project\companies\views.py changed, reloading.
INFO 2026-08-12 11:31:05,446 django.utils.autoreload Watching for file changes with StatReloader
INFO 2026-08-12 11:31:05,468 django.utils.autoreload Watching for file changes with StatReloader
INFO 2026-08-12 11:31:05,471 django.utils.autoreload Watching for file changes with StatReloader
INFO 2026-08-12 11:36:31,004 django.utils.autoreload D:\college_placement_system\placement_project\applications\views.py changed, reloading.
INFO 2026-08-12 11:36:31,009 django.utils.autoreload D:\college_placement_system\placement_project\applications\views.py changed, reloading.
INFO 2026-08-12 11:36:31,017 django.utils.autoreload D:\college_placement_system\placement_project\applications\views.py changed, reloading.
INFO 2026-08-12 11:36:31,681 django.utils.autoreload Watching for file changes with StatReloader
INFO 2026-08-12 11:36:31,704 django.utils.autoreload Watching for file changes with StatReloader
INFO 2026-08-12 11:36:31,739 django.utils.autoreload Watching for file changes with StatReloader
INFO 2026-08-12 11:39:02,068 django.utils.autoreload D:\college_placement_system\placement_project\applications\views.py changed, reloading.
INFO 2026-08-12 11:39:02,073 django.utils.autoreload D:\college_placement_system\placement_project\applications\views.py changed, reloading.
INFO 2026-08-12 11:39:02,077 django.utils.autoreload D:\college_placement_system\placement_project\applications\views.py changed, reloading.
INFO 2026-08-12 11:39:02,939 django.utils.autoreload Watching for file changes with StatReloader
INFO 2026-08-12 11:39:02,953 django.utils.autoreload Watching for file changes with StatReloader
INFO 2026-08-12 11:39:02,960 django.utils.autoreload Watching for file changes with StatReloader
INFO 2026-08-12 11:39:53,224 django.utils.autoreload D:\college_placement_system\placement_project\applications\views.py changed, reloading.
INFO 2026-08-12 11:39:53,243 django.utils.autoreload D:\college_placement_system\placement_project\applications\views.py changed, reloading.
INFO 2026-08-12 11:39:53,246 django.utils.autoreload D:\college_placement_system\placement_project\applications\views.py changed, reloading.
INFO 2026-08-12 11:39:54,048 django.utils.autoreload Watching for file changes with StatReloader
INFO 2026-08-12 11:39:54,052 django.utils.autoreload Watching for file changes with StatReloader
INFO 2026-08-12 11:39:54,069 django.utils.autoreload Watching for file changes with StatReloader
INFO 2026-08-12 11:40:15,397 django.utils.autoreload D:\college_placement_system\placement_project\applications\views.py changed, reloading.
INFO 2026-08-12 11:40:15,403 django.utils.autoreload D:\college_placement_system\placement_project\applications\views.py changed, reloading.
INFO 2026-08-12 11:40:15,403 django.utils.autoreload D:\college_placement_system\placement_project\applications\views.py changed, reloading.
INFO 2026-08-12 11:40:16,224 django.utils.autoreload Watching for file changes with StatReloader
INFO 2026-08-12 11:40:16,243 django.utils.autoreload Watching for file changes with StatReloader
INFO 2026-08-12 11:40:16,250 django.utils.autoreload Watching for file changes with StatReloader
